"price.open","price.high","price.low","price.close","volume","price.adjusted","ref.date","ticker","ret.adjusted.prices","ret.closing.prices"
3244.669922,3258.139893,3235.530029,3257.850098,3458250000,3257.850098,2020-01-02,"^GSPC",NA,NA
3226.360107,3246.149902,3222.340088,3234.850098,3461290000,3234.850098,2020-01-03,"^GSPC",-0.00705987056130042,-0.00705987056130042
3217.550049,3246.840088,3214.639893,3246.280029,3674070000,3246.280029,2020-01-06,"^GSPC",0.00353337269231324,0.00353337269231324
3241.860107,3244.909912,3232.429932,3237.179932,3420380000,3237.179932,2020-01-07,"^GSPC",-0.00280323845099806,-0.00280323845099806
3238.590088,3267.070068,3236.669922,3253.050049,3720890000,3253.050049,2020-01-08,"^GSPC",0.00490245131051315,0.00490245131051315
3266.030029,3275.580078,3263.669922,3274.699951,3638390000,3274.699951,2020-01-09,"^GSPC",0.00665526249946735,0.00665526249946735
3281.810059,3282.98999,3260.860107,3265.350098,3212970000,3265.350098,2020-01-10,"^GSPC",-0.00285517853235528,-0.00285517853235528
3271.129883,3288.129883,3268.429932,3288.129883,3456380000,3288.129883,2020-01-13,"^GSPC",0.0069762152039845,0.0069762152039845
3285.350098,3294.25,3277.189941,3283.149902,3665130000,3283.149902,2020-01-14,"^GSPC",-0.00151453293428194,-0.00151453293428194
3282.27002,3298.659912,3280.689941,3289.290039,3716840000,3289.290039,2020-01-15,"^GSPC",0.00187019697037272,0.00187019697037272
3302.969971,3317.110107,3302.820068,3316.810059,3535080000,3316.810059,2020-01-16,"^GSPC",0.00836655316913504,0.00836655316913504
3323.659912,3329.879883,3318.860107,3329.620117,3698170000,3329.620117,2020-01-17,"^GSPC",0.0038621620690158,0.0038621620690158
3321.030029,3329.790039,3316.610107,3320.790039,4105340000,3320.790039,2020-01-21,"^GSPC",-0.00265197760997304,-0.00265197760997304
3330.02002,3337.77002,3320.040039,3321.75,3619850000,3321.75,2020-01-22,"^GSPC",0.000289076089944329,0.000289076089944329
3315.77002,3326.879883,3301.870117,3325.540039,3764860000,3325.540039,2020-01-23,"^GSPC",0.00114097659366297,0.00114097659366297
3333.100098,3333.179932,3281.530029,3295.469971,3707130000,3295.469971,2020-01-24,"^GSPC",-0.00904216086631215,-0.00904216086631215
3247.159912,3258.850098,3234.5,3243.629883,3823100000,3243.629883,2020-01-27,"^GSPC",-0.0157307116909547,-0.0157307116909547
3255.350098,3285.780029,3253.219971,3276.23999,3526720000,3276.23999,2020-01-28,"^GSPC",0.0100535844644023,0.0100535844644023
3289.459961,3293.469971,3271.889893,3273.399902,3584500000,3273.399902,2020-01-29,"^GSPC",-0.00086687422431464,-0.00086687422431464
3256.449951,3285.909912,3242.800049,3283.659912,3787250000,3283.659912,2020-01-30,"^GSPC",0.0031343588645345,0.0031343588645345
3282.330078,3282.330078,3214.679932,3225.52002,4527830000,3225.52002,2020-01-31,"^GSPC",-0.017705820200055,-0.017705820200055
3235.659912,3268.439941,3235.659912,3248.919922,3757910000,3248.919922,2020-02-03,"^GSPC",0.00725461378472558,0.00725461378472558
3280.610107,3306.919922,3280.610107,3297.590088,3995320000,3297.590088,2020-02-04,"^GSPC",0.0149804141586964,0.0149804141586964
3324.909912,3337.580078,3313.75,3334.689941,4117730000,3334.689941,2020-02-05,"^GSPC",0.0112505957411164,0.0112505957411164
3344.919922,3347.959961,3334.389893,3345.780029,3868370000,3345.780029,2020-02-06,"^GSPC",0.00332567290998997,0.00332567290998997
3335.540039,3341.419922,3322.120117,3327.709961,3730650000,3327.709961,2020-02-07,"^GSPC",-0.00540085356579789,-0.00540085356579789
3318.280029,3352.26001,3317.77002,3352.090088,3450350000,3352.090088,2020-02-10,"^GSPC",0.00732639781883915,0.00732639781883915
3365.870117,3375.629883,3352.719971,3357.75,3760550000,3357.75,2020-02-11,"^GSPC",0.00168847252055127,0.00168847252055127
3370.5,3381.469971,3369.719971,3379.449951,3926380000,3379.449951,2020-02-12,"^GSPC",0.00646264641501015,0.00646264641501015
3365.899902,3385.090088,3360.52002,3373.939941,3498240000,3373.939941,2020-02-13,"^GSPC",-0.00163044580623828,-0.00163044580623828
3378.080078,3380.689941,3366.149902,3380.159912,3398040000,3380.159912,2020-02-14,"^GSPC",0.0018435334086464,0.0018435334086464
3369.040039,3375.01001,3355.610107,3370.290039,3746720000,3370.290039,2020-02-18,"^GSPC",-0.00291994262311701,-0.00291994262311701
3380.389893,3393.52002,3378.830078,3386.149902,3600150000,3386.149902,2020-02-19,"^GSPC",0.00470578579780212,0.00470578579780212
3380.449951,3389.149902,3341.02002,3373.22998,4007320000,3373.22998,2020-02-20,"^GSPC",-0.00381551980093053,-0.00381551980093053
3360.5,3360.76001,3328.449951,3337.75,3899270000,3337.75,2020-02-21,"^GSPC",-0.0105181028896227,-0.0105181028896227
3257.610107,3259.810059,3214.649902,3225.889893,4842960000,3225.889893,2020-02-24,"^GSPC",-0.0335136265448281,-0.0335136265448281
3238.939941,3246.98999,3118.77002,3128.209961,5591510000,3128.209961,2020-02-25,"^GSPC",-0.0302799956724995,-0.0302799956724995
3139.899902,3182.51001,3108.98999,3116.389893,5478110000,3116.389893,2020-02-26,"^GSPC",-0.00377854049036452,-0.00377854049036452
3062.540039,3097.070068,2977.389893,2978.76001,7058840000,2978.76001,2020-02-27,"^GSPC",-0.0441632426382664,-0.0441632426382664
2916.899902,2959.719971,2855.840088,2954.219971,8563850000,2954.219971,2020-02-28,"^GSPC",-0.00823834042273175,-0.00823834042273175
2974.280029,3090.959961,2945.189941,3090.22998,6376400000,3090.22998,2020-03-02,"^GSPC",0.0460392287423204,0.0460392287423204
3096.459961,3136.719971,2976.629883,3003.370117,6355940000,3003.370117,2020-03-03,"^GSPC",-0.028107896034327,-0.028107896034327
3045.75,3130.969971,3034.379883,3130.120117,5035480000,3130.120117,2020-03-04,"^GSPC",0.042202590777126,0.042202590777126
3075.699951,3083.040039,2999.830078,3023.939941,5575550000,3023.939941,2020-03-05,"^GSPC",-0.0339220771188059,-0.0339220771188059
2954.199951,2985.929932,2901.540039,2972.370117,6552140000,2972.370117,2020-03-06,"^GSPC",-0.0170538519303218,-0.0170538519303218
2863.889893,2863.889893,2734.429932,2746.560059,8423050000,2746.560059,2020-03-09,"^GSPC",-0.0759696972824868,-0.0759696972824868
2813.47998,2882.590088,2734,2882.22998,7635960000,2882.22998,2020-03-10,"^GSPC",0.0493963059556748,0.0493963059556748
2825.600098,2825.600098,2707.219971,2741.379883,7374110000,2741.379883,2020-03-11,"^GSPC",-0.0488684449115334,-0.0488684449115334
2630.860107,2660.949951,2478.860107,2480.639893,8829380000,2480.639893,2020-03-12,"^GSPC",-0.095112680886336,-0.095112680886336
2569.98999,2711.330078,2492.370117,2711.02002,8258670000,2711.02002,2020-03-13,"^GSPC",0.0928712497328203,0.0928712497328203
2508.590088,2562.97998,2380.939941,2386.129883,7781540000,2386.129883,2020-03-16,"^GSPC",-0.119840552486956,-0.119840552486956
2425.659912,2553.929932,2367.040039,2529.189941,8358500000,2529.189941,2020-03-17,"^GSPC",0.0599548494904794,0.0599548494904794
2436.5,2453.570068,2280.52002,2398.100098,8755780000,2398.100098,2020-03-18,"^GSPC",-0.0518307624409456,-0.0518307624409456
2393.47998,2466.969971,2319.780029,2409.389893,7946710000,2409.389893,2020-03-19,"^GSPC",0.00470780807248872,0.00470780807248872
2431.939941,2453.01001,2295.560059,2304.919922,9044690000,2304.919922,2020-03-20,"^GSPC",-0.0433595124240856,-0.0433595124240856
2290.709961,2300.72998,2191.860107,2237.399902,7402180000,2237.399902,2020-03-23,"^GSPC",-0.029293868023585,-0.029293868023585
2344.439941,2449.709961,2344.439941,2447.330078,7547350000,2447.330078,2020-03-24,"^GSPC",0.0938277398744607,0.0938277398744607
2457.77002,2571.419922,2407.530029,2475.560059,8285670000,2475.560059,2020-03-25,"^GSPC",0.0115350116658846,0.0115350116658846
2501.290039,2637.01001,2500.719971,2630.070068,7753160000,2630.070068,2020-03-26,"^GSPC",0.0624141629843609,0.0624141629843609
2555.870117,2615.909912,2520.02002,2541.469971,6194330000,2541.469971,2020-03-27,"^GSPC",-0.0336873523173375,-0.0336873523173375
2558.97998,2631.800049,2545.280029,2626.649902,5746220000,2626.649902,2020-03-30,"^GSPC",0.0335160092277165,0.0335160092277165
2614.689941,2641.389893,2571.149902,2584.590088,6568290000,2584.590088,2020-03-31,"^GSPC",-0.0160127217441406,-0.0160127217441406
2498.080078,2522.75,2447.48999,2470.5,5947900000,2470.5,2020-04-01,"^GSPC",-0.0441424303721155,-0.0441424303721155
2458.540039,2533.219971,2455.790039,2526.899902,6454990000,2526.899902,2020-04-02,"^GSPC",0.0228293470957297,0.0228293470957297
2514.919922,2538.179932,2459.959961,2488.649902,6087190000,2488.649902,2020-04-03,"^GSPC",-0.0151371251270087,-0.0151371251270087
2578.280029,2676.850098,2574.570068,2663.679932,6391860000,2663.679932,2020-04-06,"^GSPC",0.0703313189449979,0.0703313189449979
2738.649902,2756.889893,2657.669922,2659.409912,7040720000,2659.409912,2020-04-07,"^GSPC",-0.00160305296019325,-0.00160305296019325
2685,2760.75,2663.300049,2749.97998,5856370000,2749.97998,2020-04-08,"^GSPC",0.0340564527458977,0.0340564527458977
2776.98999,2818.570068,2762.360107,2789.820068,7880140000,2789.820068,2020-04-09,"^GSPC",0.0144874101956189,0.0144874101956189
2782.459961,2782.459961,2721.169922,2761.629883,5274310000,2761.629883,2020-04-13,"^GSPC",-0.0101046606278838,-0.0101046606278838
2805.100098,2851.850098,2805.100098,2846.060059,5567400000,2846.060059,2020-04-14,"^GSPC",0.0305725892233908,0.0305725892233908
2795.639893,2801.879883,2761.540039,2783.360107,5203390000,2783.360107,2020-04-15,"^GSPC",-0.0220304388172435,-0.0220304388172435
2799.340088,2806.51001,2764.320068,2799.550049,5179990000,2799.550049,2020-04-16,"^GSPC",0.00581668967636739,0.00581668967636739
2842.429932,2879.219971,2830.879883,2874.560059,5792140000,2874.560059,2020-04-17,"^GSPC",0.0267935949302973,0.0267935949302973
2845.620117,2868.97998,2820.429932,2823.159912,5220160000,2823.159912,2020-04-20,"^GSPC",-0.0178810482108629,-0.0178810482108629
2784.810059,2785.540039,2727.100098,2736.560059,5075830000,2736.560059,2020-04-21,"^GSPC",-0.0306747955126108,-0.0306747955126108
2787.889893,2815.100098,2775.949951,2799.310059,5049660000,2799.310059,2020-04-22,"^GSPC",0.0229302477004398,0.0229302477004398
2810.419922,2844.899902,2794.26001,2797.800049,5756520000,2797.800049,2020-04-23,"^GSPC",-0.000539422203390871,-0.000539422203390871
2812.639893,2842.709961,2791.76001,2836.73999,5374480000,2836.73999,2020-04-24,"^GSPC",0.0139180571584872,0.0139180571584872
2854.649902,2887.719971,2852.889893,2878.47998,5194260000,2878.47998,2020-04-27,"^GSPC",0.0147140697233941,0.0147140697233941
2909.959961,2921.149902,2860.709961,2863.389893,5672880000,2863.389893,2020-04-28,"^GSPC",-0.00524238038994462,-0.00524238038994462
2918.459961,2954.860107,2912.159912,2939.51001,6620140000,2939.51001,2020-04-29,"^GSPC",0.0265839162127683,0.0265839162127683
2930.909912,2930.909912,2892.469971,2912.429932,6523120000,2912.429932,2020-04-30,"^GSPC",-0.00921244626072903,-0.00921244626072903
2869.090088,2869.090088,2821.610107,2830.709961,4753160000,2830.709961,2020-05-01,"^GSPC",-0.0280590341769636,-0.0280590341769636
2815.01001,2844.23999,2797.850098,2842.73999,4723140000,2842.73999,2020-05-04,"^GSPC",0.0042498274870062,0.0042498274870062
2868.879883,2898.22998,2863.550049,2868.439941,5129590000,2868.439941,2020-05-05,"^GSPC",0.00904055632608181,0.00904055632608181
2883.139893,2891.110107,2847.649902,2848.419922,4861920000,2848.419922,2020-05-06,"^GSPC",-0.00697941020616966,-0.00697941020616966
2878.26001,2901.919922,2876.47998,2881.189941,5164640000,2881.189941,2020-05-07,"^GSPC",0.0115046306013022,0.0115046306013022
2908.830078,2932.159912,2902.879883,2929.800049,4857160000,2929.800049,2020-05-08,"^GSPC",0.0168715388417358,0.0168715388417358
2915.459961,2944.25,2903.439941,2930.189941,4807320000,2930.189941,2020-05-11,"^GSPC",0.000133078023578204,0.000133078023578204
2939.5,2945.820068,2869.590088,2870.120117,5107710000,2870.120117,2020-05-12,"^GSPC",-0.0205003174570656,-0.0205003174570656
2865.860107,2874.139893,2793.149902,2820,6143130000,2820,2020-05-13,"^GSPC",-0.0174627245400405,-0.0174627245400405
2794.540039,2852.800049,2766.639893,2852.5,5641920000,2852.5,2020-05-14,"^GSPC",0.0115248226950355,0.0115248226950355
2829.949951,2865.01001,2816.780029,2863.699951,5477040000,2863.699951,2020-05-15,"^GSPC",0.00392636319018402,0.00392636319018402
2913.860107,2968.090088,2913.860107,2953.909912,6364290000,2953.909912,2020-05-18,"^GSPC",0.0315011916553962,0.0315011916553962
2948.590088,2964.209961,2922.350098,2922.939941,4969330000,2922.939941,2020-05-19,"^GSPC",-0.0104843992953838,-0.0104843992953838
2953.629883,2980.290039,2953.629883,2971.610107,4992970000,2971.610107,2020-05-20,"^GSPC",0.0166511002560485,0.0166511002560485
2969.949951,2978.5,2938.570068,2948.51001,4966940000,2948.51001,2020-05-21,"^GSPC",-0.00777359618800089,-0.00777359618800089
2948.050049,2956.76001,2933.590088,2955.449951,3952800000,2955.449951,2020-05-22,"^GSPC",0.0023537111885199,0.0023537111885199
3004.080078,3021.719971,2988.169922,2991.77002,5837060000,2991.77002,2020-05-26,"^GSPC",0.0122891842535553,0.0122891842535553
3015.649902,3036.25,2969.75,3036.129883,6371230000,3036.129883,2020-05-27,"^GSPC",0.0148272971195829,0.0148272971195829
3046.610107,3068.669922,3023.399902,3029.72998,5402670000,3029.72998,2020-05-28,"^GSPC",-0.0021079147620906,-0.0021079147620906
3025.169922,3049.169922,2998.610107,3044.310059,7275080000,3044.310059,2020-05-29,"^GSPC",0.0048123361145207,0.0048123361145207
3038.780029,3062.179932,3031.540039,3055.72998,4673410000,3055.72998,2020-06-01,"^GSPC",0.00375123452561565,0.00375123452561565
3064.780029,3081.070068,3051.639893,3080.820068,5187230000,3080.820068,2020-06-02,"^GSPC",0.00821083281710644,0.00821083281710644
3098.899902,3130.939941,3098.899902,3122.870117,5989560000,3122.870117,2020-06-03,"^GSPC",0.0136489791912118,0.0136489791912118
3111.560059,3128.909912,3090.409912,3112.350098,6428130000,3112.350098,2020-06-04,"^GSPC",-0.00336870206120077,-0.00336870206120077
3163.840088,3211.719971,3163.840088,3193.929932,8617590000,3193.929932,2020-06-05,"^GSPC",0.0262116508205241,0.0262116508205241
3199.919922,3233.129883,3196,3232.389893,8437380000,3232.389893,2020-06-08,"^GSPC",0.0120415794393827,0.0120415794393827
3213.320068,3222.709961,3193.110107,3207.179932,6382620000,3207.179932,2020-06-09,"^GSPC",-0.00779917084092929,-0.00779917084092929
3213.419922,3223.27002,3181.48999,3190.139893,6570840000,3190.139893,2020-06-10,"^GSPC",-0.00531309105235445,-0.00531309105235445
3123.530029,3123.530029,2999.48999,3002.100098,7018890000,3002.100098,2020-06-11,"^GSPC",-0.0589440592911328,-0.0589440592911328
3071.040039,3088.419922,2984.469971,3041.310059,5832250000,3041.310059,2020-06-12,"^GSPC",0.0130608439825579,0.0130608439825579
2993.76001,3079.76001,2965.659912,3066.590088,5740660000,3066.590088,2020-06-15,"^GSPC",0.00831221694256068,0.00831221694256068
3131,3153.449951,3076.060059,3124.73999,5829240000,3124.73999,2020-06-16,"^GSPC",0.0189623980810312,0.0189623980810312
3136.129883,3141.159912,3108.030029,3113.48999,4549390000,3113.48999,2020-06-17,"^GSPC",-0.00360029955644403,-0.00360029955644403
3101.639893,3120,3093.51001,3115.340088,4429030000,3115.340088,2020-06-18,"^GSPC",0.000594219992979594,0.000594219992979594
3140.290039,3155.530029,3083.110107,3097.73999,8327780000,3097.73999,2020-06-19,"^GSPC",-0.00564949491960565,-0.00564949491960565
3094.419922,3120.919922,3079.389893,3117.860107,4665380000,3117.860107,2020-06-22,"^GSPC",0.00649509547765503,0.00649509547765503
3138.699951,3154.899902,3127.120117,3131.290039,4704830000,3131.290039,2020-06-23,"^GSPC",0.00430741968501036,0.00430741968501036
3114.399902,3115.01001,3032.129883,3050.330078,5587200000,3050.330078,2020-06-24,"^GSPC",-0.0258551459595404,-0.0258551459595404
3046.600098,3086.25,3024.01001,3083.76001,4815420000,3083.76001,2020-06-25,"^GSPC",0.0109594473860739,0.0109594473860739
3073.199951,3073.72998,3004.629883,3009.050049,8098120000,3009.050049,2020-06-26,"^GSPC",-0.0242269050632121,-0.0242269050632121
3018.590088,3053.889893,2999.73999,3053.23999,4462770000,3053.23999,2020-06-29,"^GSPC",0.0146856782972704,0.0146856782972704
3050.199951,3111.51001,3047.830078,3100.290039,4696280000,3100.290039,2020-06-30,"^GSPC",0.0154098757890302,0.0154098757890302
3105.919922,3128.439941,3101.169922,3115.860107,4443130000,3115.860107,2020-07-01,"^GSPC",0.00502213270504925,0.00502213270504925
3143.639893,3165.810059,3124.52002,3130.01001,4190830000,3130.01001,2020-07-02,"^GSPC",0.00454125105559489,0.00454125105559489
3155.290039,3182.590088,3155.290039,3179.719971,4736450000,3179.719971,2020-07-06,"^GSPC",0.0158817258862376,0.0158817258862376
3166.439941,3184.149902,3142.929932,3145.320068,4563700000,3145.320068,2020-07-07,"^GSPC",-0.0108185322335732,-0.0108185322335732
3153.070068,3171.800049,3136.530029,3169.939941,4927700000,3169.939941,2020-07-08,"^GSPC",0.00782746190140671,0.00782746190140671
3176.169922,3179.780029,3115.699951,3152.050049,4829020000,3152.050049,2020-07-09,"^GSPC",-0.00564360597770708,-0.00564360597770708
3152.469971,3186.820068,3136.219971,3185.040039,4515340000,3185.040039,2020-07-10,"^GSPC",0.0104662011983174,0.0104662011983174
3205.080078,3235.320068,3149.429932,3155.219971,4890780000,3155.219971,2020-07-13,"^GSPC",-0.00936254101513978,-0.00936254101513978
3141.110107,3200.949951,3127.659912,3197.52002,4476170000,3197.52002,2020-07-14,"^GSPC",0.0134063708358798,0.0134063708358798
3225.97998,3238.280029,3200.76001,3226.560059,4669760000,3226.560059,2020-07-15,"^GSPC",0.00908205072004531,0.00908205072004531
3208.360107,3220.389893,3198.590088,3215.570068,3961230000,3215.570068,2020-07-16,"^GSPC",-0.00340610148239606,-0.00340610148239606
3224.209961,3233.52002,3205.649902,3224.72998,3993830000,3224.72998,2020-07-17,"^GSPC",0.00284861216092147,0.00284861216092147
3224.290039,3258.610107,3215.159912,3251.840088,3971200000,3251.840088,2020-07-20,"^GSPC",0.0084069389276431,0.0084069389276431
3268.52002,3277.290039,3247.77002,3257.300049,4547960000,3257.300049,2020-07-21,"^GSPC",0.00167903736107711,0.00167903736107711
3254.860107,3279.320068,3253.100098,3276.02002,4255190000,3276.02002,2020-07-22,"^GSPC",0.00574708215957775,0.00574708215957775
3271.639893,3279.98999,3222.659912,3235.659912,4290460000,3235.659912,2020-07-23,"^GSPC",-0.0123198599989019,-0.0123198599989019
3218.580078,3227.26001,3200.050049,3215.629883,3894900000,3215.629883,2020-07-24,"^GSPC",-0.00619039996314674,-0.00619039996314674
3219.840088,3241.429932,3214.25,3239.409912,3963910000,3239.409912,2020-07-27,"^GSPC",0.0073951387022857,0.0073951387022857
3234.27002,3243.719971,3216.169922,3218.439941,4027890000,3218.439941,2020-07-28,"^GSPC",-0.00647339224416132,-0.00647339224416132
3227.219971,3264.73999,3227.219971,3258.439941,4676300000,3258.439941,2020-07-29,"^GSPC",0.0124283816797188,0.0124283816797188
3231.76001,3250.919922,3204.129883,3246.219971,4254010000,3246.219971,2020-07-30,"^GSPC",-0.003750251722071,-0.003750251722071
3270.449951,3272.169922,3220.26001,3271.120117,5117260000,3271.120117,2020-07-31,"^GSPC",0.00767050484022791,0.00767050484022791
3288.26001,3302.72998,3284.530029,3294.610107,4643640000,3294.610107,2020-08-03,"^GSPC",0.00718102336808801,0.00718102336808801
3289.919922,3306.840088,3286.370117,3306.51001,4621670000,3306.51001,2020-08-04,"^GSPC",0.00361193058162379,0.00361193058162379
3317.370117,3330.77002,3317.370117,3327.77002,4732220000,3327.77002,2020-08-05,"^GSPC",0.00642974312362665,0.00642974312362665
3323.169922,3351.030029,3318.139893,3349.159912,4267490000,3349.159912,2020-08-06,"^GSPC",0.00642769538503152,0.00642769538503152
3340.050049,3352.540039,3328.719971,3351.280029,4104860000,3351.280029,2020-08-07,"^GSPC",0.000633029492680626,0.000633029492680626
3356.040039,3363.290039,3335.439941,3360.469971,4318570000,3360.469971,2020-08-10,"^GSPC",0.00274221847188993,0.00274221847188993
3370.340088,3381.01001,3326.439941,3333.689941,5087650000,3333.689941,2020-08-11,"^GSPC",-0.0079691323627662,-0.0079691323627662
3355.459961,3387.889893,3355.459961,3380.350098,3768560000,3380.350098,2020-08-12,"^GSPC",0.0139965497169192,0.0139965497169192
3372.949951,3387.23999,3363.350098,3373.429932,3648810000,3373.429932,2020-08-13,"^GSPC",-0.00204717434566737,-0.00204717434566737
3368.659912,3378.51001,3361.639893,3372.850098,3193400000,3372.850098,2020-08-14,"^GSPC",-0.000171882627381659,-0.000171882627381659
3380.860107,3387.590088,3379.219971,3381.98999,3671290000,3381.98999,2020-08-17,"^GSPC",0.00270984233939719,0.00270984233939719
3387.040039,3395.060059,3370.149902,3389.780029,3881310000,3389.780029,2020-08-18,"^GSPC",0.0023033891356965,0.0023033891356965
3392.51001,3399.540039,3369.659912,3374.850098,3884480000,3374.850098,2020-08-19,"^GSPC",-0.00440439523280944,-0.00440439523280944
3360.47998,3390.800049,3354.689941,3385.51001,3642850000,3385.51001,2020-08-20,"^GSPC",0.00315863273640438,0.00315863273640438
3386.01001,3399.959961,3379.310059,3397.159912,3705420000,3397.159912,2020-08-21,"^GSPC",0.0034411069427025,0.0034411069427025
3418.090088,3432.090088,3413.129883,3431.280029,3728690000,3431.280029,2020-08-24,"^GSPC",0.0100437182481388,0.0100437182481388
3435.949951,3444.209961,3425.840088,3443.620117,3619300000,3443.620117,2020-08-25,"^GSPC",0.00359635118547774,0.00359635118547774
3449.969971,3481.070068,3444.149902,3478.72998,3754360000,3478.72998,2020-08-26,"^GSPC",0.0101956260583664,0.0101956260583664
3485.139893,3501.379883,3468.350098,3484.550049,3929560000,3484.550049,2020-08-27,"^GSPC",0.00167304419528413,0.00167304419528413
3494.689941,3509.22998,3484.320068,3508.01001,3855880000,3508.01001,2020-08-28,"^GSPC",0.00673256537289024,0.00673256537289024
3509.72998,3514.77002,3493.25,3500.310059,4342290000,3500.310059,2020-08-31,"^GSPC",-0.00219496266488706,-0.00219496266488706
3507.439941,3528.030029,3494.600098,3526.649902,4083110000,3526.649902,2020-09-01,"^GSPC",0.00752500280147328,0.00752500280147328
3543.76001,3588.110107,3535.22998,3580.840088,4285190000,3580.840088,2020-09-02,"^GSPC",0.0153659102847912,0.0153659102847912
3564.73999,3564.850098,3427.409912,3455.060059,4898680000,3455.060059,2020-09-03,"^GSPC",-0.0351258436313618,-0.0351258436313618
3453.600098,3479.149902,3349.629883,3426.959961,4431440000,3426.959961,2020-09-04,"^GSPC",-0.0081330273628103,-0.0081330273628103
3371.879883,3379.969971,3329.27002,3331.840088,4665600000,3331.840088,2020-09-08,"^GSPC",-0.0277563420881766,-0.0277563420881766
3369.820068,3424.77002,3366.840088,3398.959961,3920830000,3398.959961,2020-09-09,"^GSPC",0.0201449863220446,0.0201449863220446
3412.560059,3425.550049,3329.25,3339.189941,4192250000,3339.189941,2020-09-10,"^GSPC",-0.0175847967277658,-0.0175847967277658
3352.699951,3368.949951,3310.469971,3340.969971,3704450000,3340.969971,2020-09-11,"^GSPC",0.000533072401226464,0.000533072401226464
3363.560059,3402.929932,3363.560059,3383.540039,3832130000,3383.540039,2020-09-14,"^GSPC",0.0127418289806591,0.0127418289806591
3407.72998,3419.47998,3389.25,3401.199951,4051460000,3401.199951,2020-09-15,"^GSPC",0.00521935954545971,0.00521935954545971
3411.22998,3428.919922,3384.449951,3385.48999,4710030000,3385.48999,2020-09-16,"^GSPC",-0.00461894661482076,-0.00461894661482076
3346.860107,3375.169922,3328.820068,3357.01001,4371940000,3357.01001,2020-09-17,"^GSPC",-0.00841236573852644,-0.00841236573852644
3357.379883,3362.27002,3292.399902,3319.469971,7068700000,3319.469971,2020-09-18,"^GSPC",-0.011182581788012,-0.011182581788012
3285.570068,3285.570068,3229.100098,3281.060059,4828350000,3281.060059,2020-09-21,"^GSPC",-0.0115710978968214,-0.0115710978968214
3295.75,3320.310059,3270.949951,3315.570068,3963300000,3315.570068,2020-09-22,"^GSPC",0.0105179449261645,0.0105179449261645
3320.110107,3323.350098,3232.570068,3236.919922,4364500000,3236.919922,2020-09-23,"^GSPC",-0.0237214549495083,-0.0237214549495083
3226.139893,3278.699951,3209.449951,3246.590088,4599470000,3246.590088,2020-09-24,"^GSPC",0.00298745913801435,0.00298745913801435
3236.659912,3306.879883,3228.439941,3298.459961,3792220000,3298.459961,2020-09-25,"^GSPC",0.0159767237606376,0.0159767237606376
3333.899902,3360.73999,3332.909912,3351.600098,3946060000,3351.600098,2020-09-28,"^GSPC",0.0161105902840455,0.0161105902840455
3350.919922,3357.919922,3327.540039,3335.469971,3651880000,3335.469971,2020-09-29,"^GSPC",-0.00481266455673668,-0.00481266455673668
3341.209961,3393.560059,3340.469971,3363,4722530000,3363,2020-09-30,"^GSPC",0.00825371813848053,0.00825371813848053
3385.870117,3397.179932,3361.389893,3380.800049,4070530000,3380.800049,2020-10-01,"^GSPC",0.00529290782039848,0.00529290782039848
3338.939941,3369.100098,3323.689941,3348.419922,3961550000,3348.419922,2020-10-02,"^GSPC",-0.00957765219199447,-0.00957765219199447
3367.27002,3409.570068,3367.27002,3408.600098,3686920000,3408.600098,2020-10-05,"^GSPC",0.0179727087408004,0.0179727087408004
3408.73999,3431.560059,3354.540039,3360.969971,4443380000,3360.969971,2020-10-06,"^GSPC",-0.0139735157045694,-0.0139735157045694
3384.560059,3426.26001,3384.560059,3419.439941,3807830000,3419.439941,2020-10-07,"^GSPC",0.0173967546584783,0.0173967546584783
3434.280029,3447.280029,3428.149902,3446.830078,3856190000,3446.830078,2020-10-08,"^GSPC",0.00801012372569687,0.00801012372569687
3459.669922,3482.340088,3458.070068,3477.139893,3939060000,3477.139893,2020-10-09,"^GSPC",0.00879353327959453,0.00879353327959453
3500.02002,3549.850098,3499.610107,3534.219971,3428970000,3534.219971,2020-10-12,"^GSPC",0.0164158129257068,0.0164158129257068
3534.01001,3534.01001,3500.860107,3511.929932,3605150000,3511.929932,2020-10-13,"^GSPC",-0.00630691897587043,-0.00630691897587043
3515.469971,3527.939941,3480.550049,3488.669922,3840630000,3488.669922,2020-10-14,"^GSPC",-0.00662314181956181,-0.00662314181956181
3453.719971,3489.080078,3440.889893,3483.340088,3717640000,3483.340088,2020-10-15,"^GSPC",-0.00152775531052374,-0.00152775531052374
3493.5,3515.76001,3480.449951,3483.810059,4675890000,3483.810059,2020-10-16,"^GSPC",0.000134919642678311,0.000134919642678311
3493.659912,3502.419922,3419.929932,3426.919922,4086200000,3426.919922,2020-10-19,"^GSPC",-0.0163298618571444,-0.0163298618571444
3439.379883,3476.929932,3435.649902,3443.120117,3901260000,3443.120117,2020-10-20,"^GSPC",0.00472733398174796,0.00472733398174796
3439.909912,3464.860107,3433.060059,3435.560059,4097750000,3435.560059,2020-10-21,"^GSPC",-0.00219569975577472,-0.00219569975577472
3438.5,3460.530029,3415.340088,3453.48999,4163630000,3453.48999,2020-10-22,"^GSPC",0.005218925209306,0.005218925209306
3464.899902,3466.459961,3440.449951,3465.389893,3646570000,3465.389893,2020-10-23,"^GSPC",0.00344576154396203,0.00344576154396203
3441.419922,3441.419922,3364.860107,3400.969971,3988080000,3400.969971,2020-10-26,"^GSPC",-0.0185895163283435,-0.0185895163283435
3403.149902,3409.51001,3388.709961,3390.679932,3946990000,3390.679932,2020-10-27,"^GSPC",-0.00302561889335773,-0.00302561889335773
3342.47998,3342.47998,3268.889893,3271.030029,5129860000,3271.030029,2020-10-28,"^GSPC",-0.0352878789504099,-0.0352878789504099
3277.169922,3341.050049,3259.820068,3310.110107,4903070000,3310.110107,2020-10-29,"^GSPC",0.0119473308571085,0.0119473308571085
3293.590088,3304.929932,3233.939941,3269.959961,4840450000,3269.959961,2020-10-30,"^GSPC",-0.0121295499853896,-0.0121295499853896
3296.199951,3330.139893,3279.73999,3310.23999,4310590000,3310.23999,2020-11-02,"^GSPC",0.0123182025102477,0.0123182025102477
3336.25,3389.48999,3336.25,3369.159912,4220070000,3369.159912,2020-11-03,"^GSPC",0.0177992901354562,0.0177992901354562
3406.459961,3486.25,3405.169922,3443.439941,4783040000,3443.439941,2020-11-04,"^GSPC",0.0220470476142838,0.0220470476142838
3485.73999,3529.050049,3485.73999,3510.449951,4841190000,3510.449951,2020-11-05,"^GSPC",0.0194601942093231,0.0194601942093231
3508.340088,3521.580078,3484.340088,3509.439941,4833950000,3509.439941,2020-11-06,"^GSPC",-0.000287715254197574,-0.000287715254197574
3583.040039,3645.98999,3547.47998,3550.5,8556610000,3550.5,2020-11-09,"^GSPC",0.0116998893528009,0.0116998893528009
3543.26001,3557.219971,3511.909912,3545.530029,6024230000,3545.530029,2020-11-10,"^GSPC",-0.00139979467680607,-0.00139979467680607
3563.219971,3581.159912,3557,3572.659912,4609970000,3572.659912,2020-11-11,"^GSPC",0.00765185537228463,0.00765185537228463
3562.669922,3569.02002,3518.580078,3537.01001,4890120000,3537.01001,2020-11-12,"^GSPC",-0.00997853220796574,-0.00997853220796574
3552.570068,3593.659912,3552.570068,3585.149902,4709670000,3585.149902,2020-11-13,"^GSPC",0.0136103352447114,0.0136103352447114
3600.159912,3628.51001,3600.159912,3626.909912,5281980000,3626.909912,2020-11-16,"^GSPC",0.0116480513065029,0.0116480513065029
3610.310059,3623.110107,3588.679932,3609.530029,4799570000,3609.530029,2020-11-17,"^GSPC",-0.00479192574993303,-0.00479192574993303
3612.090088,3619.090088,3567.330078,3567.790039,5274450000,3567.790039,2020-11-18,"^GSPC",-0.0115638295469629,-0.0115638295469629
3559.409912,3585.219971,3543.840088,3581.870117,4347200000,3581.870117,2020-11-19,"^GSPC",0.00394644243245512,0.00394644243245512
3579.310059,3581.22998,3556.850098,3557.540039,4218970000,3557.540039,2020-11-20,"^GSPC",-0.00679256288063779,-0.00679256288063779
3566.820068,3589.810059,3552.77002,3577.590088,5036290000,3577.590088,2020-11-23,"^GSPC",0.00563593066562817,0.00563593066562817
3594.52002,3642.310059,3594.52002,3635.409912,6267570000,3635.409912,2020-11-24,"^GSPC",0.0161616682117776,0.0161616682117776
3635.5,3635.5,3617.76001,3629.649902,4902560000,3629.649902,2020-11-25,"^GSPC",-0.00158441830204259,-0.00158441830204259
3638.550049,3644.310059,3629.330078,3638.350098,2778450000,3638.350098,2020-11-27,"^GSPC",0.00239697938779315,0.00239697938779315
3634.179932,3634.179932,3594.389893,3621.629883,6291400000,3621.629883,2020-11-30,"^GSPC",-0.00459554868268197,-0.00459554868268197
3645.870117,3678.449951,3645.870117,3662.449951,5403660000,3662.449951,2020-12-01,"^GSPC",0.0112711870949624,0.0112711870949624
3653.780029,3670.959961,3644.840088,3669.01001,5029620000,3669.01001,2020-12-02,"^GSPC",0.00179116686583214,0.00179116686583214
3668.280029,3682.72998,3657.169922,3666.719971,5091760000,3666.719971,2020-12-03,"^GSPC",-0.00062415719601705,-0.00062415719601705
3670.939941,3699.199951,3670.939941,3699.120117,5086370000,3699.120117,2020-12-04,"^GSPC",0.00883627499679607,0.00883627499679607
3694.72998,3697.409912,3678.879883,3691.959961,4788560000,3691.959961,2020-12-07,"^GSPC",-0.00193563760395188,-0.00193563760395188
3683.050049,3708.449951,3678.830078,3702.25,4549670000,3702.25,2020-12-08,"^GSPC",0.00278714804838054,0.00278714804838054
3705.97998,3712.389893,3660.540039,3672.820068,5209940000,3672.820068,2020-12-09,"^GSPC",-0.00794920170166791,-0.00794920170166791
3659.129883,3678.48999,3645.179932,3668.100098,4618240000,3668.100098,2020-12-10,"^GSPC",-0.00128510787694813,-0.00128510787694813
3656.080078,3665.909912,3633.399902,3663.459961,4367150000,3663.459961,2020-12-11,"^GSPC",-0.00126499737630659,-0.00126499737630659
3675.27002,3697.610107,3645.840088,3647.48999,4594920000,3647.48999,2020-12-14,"^GSPC",-0.00435925905292023,-0.00435925905292023
3666.409912,3695.290039,3659.620117,3694.620117,4360280000,3694.620117,2020-12-15,"^GSPC",0.0129212491683903,0.0129212491683903
3696.25,3711.27002,3688.570068,3701.169922,4056950000,3701.169922,2020-12-16,"^GSPC",0.00177279525163154,0.00177279525163154
3713.649902,3725.120117,3710.870117,3722.47998,4184930000,3722.47998,2020-12-17,"^GSPC",0.00575765459276312,0.00575765459276312
3722.389893,3726.699951,3685.840088,3709.409912,7068340000,3709.409912,2020-12-18,"^GSPC",-0.00351111841305318,-0.00351111841305318
3684.280029,3702.899902,3636.47998,3694.919922,4732160000,3694.919922,2020-12-21,"^GSPC",-0.00390627898877516,-0.00390627898877516
3698.080078,3698.26001,3676.159912,3687.26001,4023940000,3687.26001,2020-12-22,"^GSPC",-0.00207309283061641,-0.00207309283061641
3693.419922,3711.23999,3689.280029,3690.01001,3772630000,3690.01001,2020-12-23,"^GSPC",0.000745811250777439,0.000745811250777439
3694.030029,3703.820068,3689.320068,3703.060059,1885090000,3703.060059,2020-12-24,"^GSPC",0.00353658905115006,0.00353658905115006
3723.030029,3740.51001,3723.030029,3735.360107,3527460000,3735.360107,2020-12-28,"^GSPC",0.00872252879655488,0.00872252879655488
3750.01001,3756.120117,3723.310059,3727.040039,3387030000,3727.040039,2020-12-29,"^GSPC",-0.00222738042964277,-0.00222738042964277
3736.189941,3744.629883,3730.209961,3732.040039,3145200000,3732.040039,2020-12-30,"^GSPC",0.00134154716549317,0.00134154716549317
3733.27002,3760.199951,3726.879883,3756.070068,3172510000,3756.070068,2020-12-31,"^GSPC",0.00643884544348006,0.00643884544348006
3764.610107,3769.98999,3662.709961,3700.649902,5006680000,3700.649902,2021-01-04,"^GSPC",-0.0147548275183028,-0.0147548275183028
3698.02002,3737.830078,3695.070068,3726.860107,4582620000,3726.860107,2021-01-05,"^GSPC",0.00708259513709586,0.00708259513709586
3712.199951,3783.040039,3705.340088,3748.139893,6049970000,3748.139893,2021-01-06,"^GSPC",0.00570984297479571,0.00570984297479571
3764.709961,3811.550049,3764.709961,3803.790039,5080870000,3803.790039,2021-01-07,"^GSPC",0.0148474036691992,0.0148474036691992
3815.050049,3826.689941,3783.600098,3824.679932,4764180000,3824.679932,2021-01-08,"^GSPC",0.00549186279626834,0.00549186279626834
3803.139893,3817.860107,3789.02002,3799.610107,4450500000,3799.610107,2021-01-11,"^GSPC",-0.00655475110224202,-0.00655475110224202
3801.620117,3810.780029,3776.51001,3801.189941,4977210000,3801.189941,2021-01-12,"^GSPC",0.000415788450791155,0.000415788450791155
3802.22998,3820.959961,3791.5,3809.840088,4590420000,3809.840088,2021-01-13,"^GSPC",0.00227564187379814,0.00227564187379814
3814.97998,3823.600098,3792.860107,3795.540039,5180140000,3795.540039,2021-01-14,"^GSPC",-0.00375345123934234,-0.00375345123934234
3788.72998,3788.72998,3749.620117,3768.25,5353060000,3768.25,2021-01-15,"^GSPC",-0.00719002795902268,-0.00719002795902268
3781.879883,3804.530029,3780.370117,3798.909912,4982940000,3798.909912,2021-01-19,"^GSPC",0.00813637948649903,0.00813637948649903
3816.219971,3859.75,3816.219971,3851.850098,4551790000,3851.850098,2021-01-20,"^GSPC",0.013935625541625,0.013935625541625
3857.459961,3861.449951,3845.050049,3853.070068,4484460000,3853.070068,2021-01-21,"^GSPC",0.000316723124981877,0.000316723124981877
3844.23999,3852.310059,3830.409912,3841.469971,5080430000,3841.469971,2021-01-22,"^GSPC",-0.00301061148519965,-0.00301061148519965
3851.679932,3859.22998,3797.159912,3855.360107,6955860000,3855.360107,2021-01-25,"^GSPC",0.00361583875570015,0.00361583875570015
3862.959961,3870.899902,3847.780029,3849.620117,6029090000,3849.620117,2021-01-26,"^GSPC",-0.00148883368626918,-0.00148883368626918
3836.830078,3836.830078,3732.47998,3750.77002,9878040000,3750.77002,2021-01-27,"^GSPC",-0.0256778835302414,-0.0256778835302414
3755.75,3830.5,3755.75,3787.379883,6937960000,3787.379883,2021-01-28,"^GSPC",0.00976062589942539,0.00976062589942539
3778.050049,3778.050049,3694.120117,3714.23999,6612570000,3714.23999,2021-01-29,"^GSPC",-0.0193114752835581,-0.0193114752835581
3731.169922,3784.320068,3725.620117,3773.860107,5392870000,3773.860107,2021-02-01,"^GSPC",0.016051767564971,0.016051767564971
3791.840088,3843.090088,3791.840088,3826.310059,5495370000,3826.310059,2021-02-02,"^GSPC",0.0138982237054077,0.0138982237054077
3840.27002,3847.51001,3816.679932,3830.169922,4846900000,3830.169922,2021-02-03,"^GSPC",0.00100876900734193,0.00100876900734193
3836.659912,3872.419922,3836.659912,3871.73999,4856670000,3871.73999,2021-02-04,"^GSPC",0.0108533221362392,0.0108533221362392
3878.300049,3894.560059,3874.929932,3886.830078,4838580000,3886.830078,2021-02-05,"^GSPC",0.00389749519311078,0.00389749519311078
3892.590088,3915.77002,3892.590088,3915.590088,4635030000,3915.590088,2021-02-08,"^GSPC",0.00739934842091139,0.00739934842091139
3910.48999,3918.350098,3902.639893,3911.22998,4554610000,3911.22998,2021-02-09,"^GSPC",-0.00111352513976426,-0.00111352513976426
3920.780029,3931.5,3884.939941,3909.879883,4815380000,3909.879883,2021-02-10,"^GSPC",-0.000345184764614648,-0.000345184764614648
3916.399902,3925.98999,3890.389893,3916.379883,4570080000,3916.379883,2021-02-11,"^GSPC",0.00166245516345964,0.00166245516345964
3911.649902,3937.22998,3905.780029,3934.830078,4119260000,3934.830078,2021-02-12,"^GSPC",0.00471103303336018,0.00471103303336018
3939.610107,3950.429932,3923.850098,3932.590088,5037360000,3932.590088,2021-02-16,"^GSPC",-0.000569272358804995,-0.000569272358804995
3918.5,3933.610107,3900.429932,3931.330078,4718280000,3931.330078,2021-02-17,"^GSPC",-0.000320402068815895,-0.000320402068815895
3915.860107,3921.97998,3885.030029,3913.969971,4773430000,3913.969971,2021-02-18,"^GSPC",-0.00441583552018399,-0.00441583552018399
3921.159912,3930.409912,3903.070068,3906.709961,4823940000,3906.709961,2021-02-19,"^GSPC",-0.00185489670431604,-0.00185489670431604
3885.550049,3902.919922,3874.709961,3876.5,5870190000,3876.5,2021-02-22,"^GSPC",-0.00773283947402825,-0.00773283947402825
3857.070068,3895.97998,3805.590088,3881.370117,6280650000,3881.370117,2021-02-23,"^GSPC",0.00125631807042437,0.00125631807042437
3873.709961,3928.649902,3859.600098,3925.429932,5942350000,3925.429932,2021-02-24,"^GSPC",0.0113516139074248,0.0113516139074248
3915.800049,3925.02002,3814.040039,3829.340088,6513060000,3829.340088,2021-02-25,"^GSPC",-0.0244788075865724,-0.0244788075865724
3839.659912,3861.080078,3789.540039,3811.149902,6512950000,3811.149902,2021-02-26,"^GSPC",-0.00475021428809685,-0.00475021428809685
3842.51001,3914.5,3842.51001,3901.820068,5071540000,3901.820068,2021-03-01,"^GSPC",0.0237907635048462,0.0237907635048462
3903.639893,3906.409912,3868.570068,3870.290039,5493690000,3870.290039,2021-03-02,"^GSPC",-0.00808085161552863,-0.00808085161552863
3863.98999,3874.469971,3818.860107,3819.719971,6150790000,3819.719971,2021-03-03,"^GSPC",-0.0130662217793543,-0.0130662217793543
3818.530029,3843.669922,3723.340088,3768.469971,7142240000,3768.469971,2021-03-04,"^GSPC",-0.0134172139290574,-0.0134172139290574
3793.580078,3851.689941,3730.189941,3841.939941,6842570000,3841.939941,2021-03-05,"^GSPC",0.0194959680096651,0.0194959680096651
3844.389893,3881.060059,3819.25,3821.350098,5852240000,3821.350098,2021-03-08,"^GSPC",-0.00535923083551404,-0.00535923083551404
3851.929932,3903.76001,3851.929932,3875.439941,5496340000,3875.439941,2021-03-09,"^GSPC",0.0141546421062833,0.0141546421062833
3891.98999,3917.350098,3885.72998,3898.810059,5827250000,3898.810059,2021-03-10,"^GSPC",0.00603031355298711,0.00603031355298711
3915.540039,3960.27002,3915.540039,3939.340088,5300010000,3939.340088,2021-03-11,"^GSPC",0.0103954869272076,0.0103954869272076
3924.52002,3944.98999,3915.209961,3943.340088,4469240000,3943.340088,2021-03-12,"^GSPC",0.00101539849585075,0.00101539849585075
3942.959961,3970.080078,3923.540039,3968.939941,4882190000,3968.939941,2021-03-15,"^GSPC",0.00649192117055875,0.00649192117055875
3973.590088,3981.040039,3953.439941,3962.709961,4604870000,3962.709961,2021-03-16,"^GSPC",-0.0015696836164345,-0.0015696836164345
3949.570068,3983.870117,3935.73999,3974.120117,4541620000,3974.120117,2021-03-17,"^GSPC",0.00287938206739735,0.00287938206739735
3953.5,3969.620117,3910.860107,3915.459961,4043170000,3915.459961,2021-03-18,"^GSPC",-0.0147605392572486,-0.0147605392572486
3913.139893,3930.120117,3886.75,3913.100098,7725050000,3913.100098,2021-03-19,"^GSPC",-0.000602703902863433,-0.000602703902863433
3916.47998,3955.310059,3914.159912,3940.590088,4311380000,3940.590088,2021-03-22,"^GSPC",0.0070251180167995,0.0070251180167995
3937.600098,3949.129883,3901.570068,3910.52002,4645340000,3910.52002,2021-03-23,"^GSPC",-0.0076308540925305,-0.0076308540925305
3919.929932,3942.080078,3889.070068,3889.139893,4766990000,3889.139893,2021-03-24,"^GSPC",-0.00546733602964644,-0.00546733602964644
3879.340088,3919.540039,3853.5,3909.52002,4940800000,3909.52002,2021-03-25,"^GSPC",0.00524026585844384,0.00524026585844384
3917.120117,3978.189941,3917.120117,3974.540039,5467850000,3974.540039,2021-03-26,"^GSPC",0.0166312024666393,0.0166312024666393
3969.310059,3981.830078,3943.25,3971.090088,4619840000,3971.090088,2021-03-29,"^GSPC",-0.000868012642003202,-0.000868012642003202
3963.340088,3968.01001,3944.350098,3958.550049,4103570000,3958.550049,2021-03-30,"^GSPC",-0.00315783291794214,-0.00315783291794214
3967.25,3994.409912,3966.97998,3972.889893,4564980000,3972.889893,2021-03-31,"^GSPC",0.00362249910257484,0.00362249910257484
3992.780029,4020.629883,3992.780029,4019.870117,4151240000,4019.870117,2021-04-01,"^GSPC",0.0118252016203058,0.0118252016203058
4034.439941,4083.419922,4034.439941,4077.909912,3999760000,4077.909912,2021-04-05,"^GSPC",0.014438226437852,0.014438226437852
4075.570068,4086.22998,4068.139893,4073.939941,4027880000,4073.939941,2021-04-06,"^GSPC",-0.000973530824778024,-0.000973530824778024
4074.290039,4083.129883,4068.310059,4079.949951,4112640000,4079.949951,2021-04-07,"^GSPC",0.00147523284266304,0.00147523284266304
4089.949951,4098.189941,4082.540039,4097.169922,3901910000,4097.169922,2021-04-08,"^GSPC",0.00422063290158237,0.00422063290158237
4096.109863,4129.47998,4095.51001,4128.799805,3634910000,4128.799805,2021-04-09,"^GSPC",0.00771993439426599,0.00771993439426599
4124.709961,4131.759766,4114.819824,4127.990234,3578500000,4127.990234,2021-04-12,"^GSPC",-0.000196079015267192,-0.000196079015267192
4130.100098,4148,4124.430176,4141.589844,3728440000,4141.589844,2021-04-13,"^GSPC",0.00329448696074608,0.00329448696074608
4141.580078,4151.689941,4120.870117,4124.660156,3976540000,4124.660156,2021-04-14,"^GSPC",-0.00408772684830838,-0.00408772684830838
4139.759766,4173.490234,4139.759766,4170.419922,4027680000,4170.419922,2021-04-15,"^GSPC",0.0110941906167554,0.0110941906167554
4174.140137,4191.310059,4170.75,4185.470215,4157430000,4185.470215,2021-04-16,"^GSPC",0.00360881956289494,0.00360881956289494
4179.799805,4180.810059,4150.470215,4163.259766,3788020000,4163.259766,2021-04-19,"^GSPC",-0.0053065600420239,-0.0053065600420239
4159.180176,4159.180176,4118.379883,4134.939941,4338230000,4134.939941,2021-04-20,"^GSPC",-0.00680231995881675,-0.00680231995881675
4128.419922,4175.02002,4126.350098,4173.419922,3865820000,4173.419922,2021-04-21,"^GSPC",0.00930605560154629,0.00930605560154629
4170.459961,4179.569824,4123.689941,4134.97998,4235040000,4134.97998,2021-04-22,"^GSPC",-0.00921065761855533,-0.00921065761855533
4138.779785,4194.169922,4138.779785,4180.169922,3568080000,4180.169922,2021-04-23,"^GSPC",0.010928696685008,0.010928696685008
4185.029785,4194.189941,4182.359863,4187.620117,3738920000,4187.620117,2021-04-26,"^GSPC",0.00178227084999349,0.00178227084999349
4188.25,4193.350098,4176.220215,4186.720215,3703240000,4186.720215,2021-04-27,"^GSPC",-0.00021489580593681,-0.00021489580593681
4185.140137,4201.529785,4181.779785,4183.180176,3772390000,4183.180176,2021-04-28,"^GSPC",-0.000845539901930259,-0.000845539901930259
4206.140137,4218.779785,4176.810059,4211.470215,4288940000,4211.470215,2021-04-29,"^GSPC",0.00676280671875129,0.00676280671875129
4198.100098,4198.100098,4174.850098,4181.169922,4273680000,4181.169922,2021-04-30,"^GSPC",-0.0071947067064797,-0.0071947067064797
4191.97998,4209.390137,4188.029785,4192.660156,4061170000,4192.660156,2021-05-03,"^GSPC",0.00274809065748371,0.00274809065748371
4179.040039,4179.040039,4128.589844,4164.660156,4441080000,4164.660156,2021-05-04,"^GSPC",-0.00667833760862535,-0.00667833760862535
4177.060059,4187.720215,4160.939941,4167.589844,4029050000,4167.589844,2021-05-05,"^GSPC",0.000703463881867927,0.000703463881867927
4169.140137,4202.700195,4147.330078,4201.620117,4504860000,4201.620117,2021-05-06,"^GSPC",0.0081654563605853,0.0081654563605853
4210.339844,4238.040039,4201.640137,4232.600098,4013060000,4232.600098,2021-05-07,"^GSPC",0.00737334174373649,0.00737334174373649
4228.290039,4236.390137,4188.129883,4188.430176,3678970000,4188.430176,2021-05-10,"^GSPC",-0.0104356473508733,-0.0104356473508733
4150.339844,4162.040039,4111.529785,4152.100098,3593110000,4152.100098,2021-05-11,"^GSPC",-0.00867391277242102,-0.00867391277242102
4130.549805,4134.72998,4056.879883,4063.040039,3735080000,4063.040039,2021-05-12,"^GSPC",-0.021449400760569,-0.021449400760569
4074.98999,4131.580078,4074.98999,4112.5,3687780000,4112.5,2021-05-13,"^GSPC",0.0121731414224935,0.0121731414224935
4129.580078,4183.129883,4129.580078,4173.850098,3251920000,4173.850098,2021-05-14,"^GSPC",0.0149179569604863,0.0149179569604863
4169.919922,4171.919922,4142.689941,4163.290039,3307130000,4163.290039,2021-05-17,"^GSPC",-0.00253005229034453,-0.00253005229034453
4165.939941,4169.149902,4125.990234,4127.830078,3559790000,4127.830078,2021-05-18,"^GSPC",-0.00851729297450476,-0.00851729297450476
4098.450195,4116.930176,4061.409912,4115.680176,3485550000,4115.680176,2021-05-19,"^GSPC",-0.00294341137363074,-0.00294341137363074
4121.970215,4172.799805,4121.970215,4159.120117,3019060000,4159.120117,2021-05-20,"^GSPC",0.0105547416568748,0.0105547416568748
4168.609863,4188.720215,4151.720215,4155.859863,3344620000,4155.859863,2021-05-21,"^GSPC",-0.00078388070271751,-0.00078388070271751
4170.160156,4209.52002,4170.160156,4197.049805,2947400000,4197.049805,2021-05-24,"^GSPC",0.00991129233367993,0.00991129233367993
4205.939941,4213.419922,4182.52002,4188.129883,3420870000,4188.129883,2021-05-25,"^GSPC",-0.00212528380992139,-0.00212528380992139
4191.589844,4202.609863,4184.109863,4195.990234,3674490000,4195.990234,2021-05-26,"^GSPC",0.00187681643587667,0.00187681643587667
4201.939941,4213.379883,4197.779785,4200.879883,5201110000,4200.879883,2021-05-27,"^GSPC",0.00116531467599201,0.00116531467599201
4210.77002,4218.359863,4203.569824,4204.109863,4199270000,4204.109863,2021-05-28,"^GSPC",0.000768881779522168,0.000768881779522168
4216.52002,4234.120117,4197.589844,4202.040039,4122960000,4202.040039,2021-06-01,"^GSPC",-0.000492333470686779,-0.000492333470686779
4206.819824,4217.370117,4198.27002,4208.120117,4860930000,4208.120117,2021-06-02,"^GSPC",0.00144693480870473,0.00144693480870473
4191.430176,4204.390137,4167.930176,4192.850098,4579450000,4192.850098,2021-06-03,"^GSPC",-0.0036287032155552,-0.0036287032155552
4206.049805,4233.450195,4206.049805,4229.890137,3487070000,4229.890137,2021-06-04,"^GSPC",0.00883409569487559,0.00883409569487559
4229.339844,4232.339844,4215.660156,4226.52002,3835570000,4226.52002,2021-06-07,"^GSPC",-0.000796738660070906,-0.000796738660070906
4233.810059,4236.740234,4208.410156,4227.259766,3943870000,4227.259766,2021-06-08,"^GSPC",0.000175024842305138,0.000175024842305138
4232.990234,4237.089844,4218.740234,4219.549805,3902870000,4219.549805,2021-06-09,"^GSPC",-0.001823867334109,-0.001823867334109
4228.560059,4249.740234,4220.339844,4239.180176,3502480000,4239.180176,2021-06-10,"^GSPC",0.0046522429896998,0.0046522429896998
4242.899902,4248.379883,4232.25,4247.439941,3204280000,4247.439941,2021-06-11,"^GSPC",0.00194843452202442,0.00194843452202442
4248.310059,4255.589844,4234.069824,4255.149902,3612050000,4255.149902,2021-06-14,"^GSPC",0.00181520188798379,0.00181520188798379
4255.279785,4257.160156,4238.350098,4246.589844,3578450000,4246.589844,2021-06-15,"^GSPC",-0.0020116936411515,-0.0020116936411515
4248.870117,4251.890137,4202.450195,4223.700195,3722050000,4223.700195,2021-06-16,"^GSPC",-0.00539012474499756,-0.00539012474499756
4220.370117,4232.290039,4196.049805,4221.859863,3952110000,4221.859863,2021-06-17,"^GSPC",-0.00043571558468547,-0.00043571558468547
4204.779785,4204.779785,4164.399902,4166.450195,6084980000,4166.450195,2021-06-18,"^GSPC",-0.0131244687881766,-0.0131244687881766
4173.399902,4226.240234,4173.399902,4224.790039,3391740000,4224.790039,2021-06-21,"^GSPC",0.0140022900237742,0.0140022900237742
4224.609863,4255.839844,4217.27002,4246.439941,3208760000,4246.439941,2021-06-22,"^GSPC",0.00512449182092922,0.00512449182092922
4249.27002,4256.600098,4241.430176,4241.839844,3172440000,4241.839844,2021-06-23,"^GSPC",-0.0010832831887212,-0.0010832831887212
4256.970215,4271.279785,4256.970215,4266.490234,3141680000,4266.490234,2021-06-24,"^GSPC",0.00581124957720114,0.00581124957720114
4274.450195,4286.120117,4271.160156,4280.700195,6248390000,4280.700195,2021-06-25,"^GSPC",0.00333059733425856,0.00333059733425856
4284.899902,4292.140137,4274.669922,4290.609863,3415610000,4290.609863,2021-06-28,"^GSPC",0.00231496426953104,0.00231496426953104
4293.209961,4300.52002,4287.040039,4291.799805,3049560000,4291.799805,2021-06-29,"^GSPC",0.000277336331662603,0.000277336331662603
4290.649902,4302.430176,4287.959961,4297.5,3687880000,4297.5,2021-06-30,"^GSPC",0.00132815957383658,0.00132815957383658
4300.72998,4320.660156,4300.72998,4319.939941,3077580000,4319.939941,2021-07-01,"^GSPC",0.00522162675974402,0.00522162675974402
4326.600098,4355.430176,4326.600098,4352.339844,2628550000,4352.339844,2021-07-02,"^GSPC",0.00750008181653117,0.00750008181653117
4356.459961,4356.459961,4314.370117,4343.540039,3437900000,4343.540039,2021-07-06,"^GSPC",-0.0020218561315084,-0.0020218561315084
4351.009766,4361.879883,4329.790039,4358.129883,3243900000,4358.129883,2021-07-07,"^GSPC",0.0033589753677874,0.0033589753677874
4321.069824,4330.879883,4289.370117,4320.819824,3393780000,4320.819824,2021-07-08,"^GSPC",-0.00856102502716516,-0.00856102502716516
4329.379883,4371.600098,4329.379883,4369.549805,2738280000,4369.549805,2021-07-09,"^GSPC",0.011277947932318,0.011277947932318
4372.410156,4386.680176,4364.029785,4384.629883,2983980000,4384.629883,2021-07-12,"^GSPC",0.00345117430238329,0.00345117430238329
4381.069824,4392.370117,4366.919922,4369.209961,3166900000,4369.209961,2021-07-13,"^GSPC",-0.00351681268692394,-0.00351681268692394
4380.109863,4393.680176,4362.359863,4374.299805,3213870000,4374.299805,2021-07-14,"^GSPC",0.00116493463244671,0.00116493463244671
4369.02002,4369.02002,4340.700195,4360.029785,3226930000,4360.029785,2021-07-15,"^GSPC",-0.00326224096109939,-0.00326224096109939
4367.430176,4375.089844,4322.529785,4327.160156,3165160000,4327.160156,2021-07-16,"^GSPC",-0.00753885423285006,-0.00753885423285006
4296.399902,4296.399902,4233.129883,4258.490234,4155790000,4258.490234,2021-07-19,"^GSPC",-0.0158695124572136,-0.0158695124572136
4265.109863,4336.839844,4262.049805,4323.060059,3634190000,4323.060059,2021-07-20,"^GSPC",0.0151626096226478,0.0151626096226478
4331.129883,4359.700195,4331.129883,4358.689941,3078550000,4358.689941,2021-07-21,"^GSPC",0.00824181980211525,0.00824181980211525
4361.27002,4369.870117,4350.060059,4367.47998,2907910000,4367.47998,2021-07-22,"^GSPC",0.00201666994417682,0.00201666994417682
4381.200195,4415.180176,4381.200195,4411.790039,3490730000,4411.790039,2021-07-23,"^GSPC",0.0101454521149289,0.0101454521149289
4409.580078,4422.72998,4405.450195,4422.299805,2679110000,4422.299805,2021-07-26,"^GSPC",0.00238219994766142,0.00238219994766142
4416.379883,4416.379883,4372.509766,4401.459961,3381080000,4401.459961,2021-07-27,"^GSPC",-0.00471244486328992,-0.00471244486328992
4402.950195,4415.470215,4387.009766,4400.640137,3215130000,4400.640137,2021-07-28,"^GSPC",-0.000186261832951673,-0.000186261832951673
4403.589844,4429.970215,4403.589844,4419.149902,2815510000,4419.149902,2021-07-29,"^GSPC",0.00420615283771375,0.00420615283771375
4395.120117,4412.25,4389.649902,4395.259766,2861600000,4395.259766,2021-07-30,"^GSPC",-0.00540604788925303,-0.00540604788925303
4406.859863,4422.180176,4384.810059,4387.160156,2919940000,4387.160156,2021-08-02,"^GSPC",-0.00184280575693285,-0.00184280575693285
4392.740234,4423.790039,4373,4423.149902,3305340000,4423.149902,2021-08-03,"^GSPC",0.0082034265265607,0.0082034265265607
4415.950195,4416.169922,4400.22998,4402.660156,3382620000,4402.660156,2021-08-04,"^GSPC",-0.00463238788057696,-0.00463238788057696
4408.859863,4429.759766,4408.859863,4429.100098,2734220000,4429.100098,2021-08-05,"^GSPC",0.00600544694869698,0.00600544694869698
4429.069824,4440.819824,4429.069824,4436.52002,2839970000,4436.52002,2021-08-06,"^GSPC",0.00167526626985715,0.00167526626985715
4437.77002,4439.390137,4424.740234,4432.350098,2779880000,4432.350098,2021-08-09,"^GSPC",-0.000939908302273418,-0.000939908302273418
4435.790039,4445.209961,4430.029785,4436.75,3219840000,4436.75,2021-08-10,"^GSPC",0.000992679256538231,0.000992679256538231
4442.180176,4449.439941,4436.419922,4442.410156,2803060000,4442.410156,2021-08-11,"^GSPC",0.00127574373133488,0.00127574373133488
4446.080078,4461.77002,4435.959961,4460.830078,2543860000,4460.830078,2021-08-12,"^GSPC",0.00414638031004899,0.00414638031004899
4464.839844,4468.370117,4460.819824,4468,2371630000,4468,2021-08-13,"^GSPC",0.0016073066838751,0.0016073066838751
4461.649902,4480.259766,4437.660156,4479.709961,2707170000,4479.709961,2021-08-16,"^GSPC",0.00262085071620399,0.00262085071620399
4462.120117,4462.120117,4417.830078,4448.080078,2.884e+09,4448.080078,2021-08-17,"^GSPC",-0.00706069885670435,-0.00706069885670435
4440.939941,4454.319824,4397.589844,4400.27002,2965210000,4400.27002,2021-08-18,"^GSPC",-0.0107484706124034,-0.0107484706124034
4382.439941,4418.609863,4367.72998,4405.799805,3120840000,4405.799805,2021-08-19,"^GSPC",0.00125669219726654,0.00125669219726654
4410.560059,4444.350098,4406.799805,4441.669922,2867770000,4441.669922,2021-08-20,"^GSPC",0.00814156761260287,0.00814156761260287
4450.290039,4489.879883,4450.290039,4479.529785,2965520000,4479.529785,2021-08-23,"^GSPC",0.00852379030068762,0.00852379030068762
4484.399902,4492.810059,4482.279785,4486.22998,3037770000,4486.22998,2021-08-24,"^GSPC",0.00149573623160992,0.00149573623160992
4490.450195,4501.709961,4485.660156,4496.189941,2554680000,4496.189941,2021-08-25,"^GSPC",0.00222011823834301,0.00222011823834301
4493.75,4495.899902,4468.990234,4470,2704600000,4470,2021-08-26,"^GSPC",-0.00582491872978452,-0.00582491872978452
4474.100098,4513.330078,4474.100098,4509.370117,2862360000,4509.370117,2021-08-27,"^GSPC",0.00880763243847893,0.00880763243847893
4513.759766,4537.359863,4513.759766,4528.790039,2557300000,4528.790039,2021-08-30,"^GSPC",0.00430657087267883,0.00430657087267883
4529.75,4531.390137,4515.799805,4522.680176,3090380000,4522.680176,2021-08-31,"^GSPC",-0.00134911597742116,-0.00134911597742116
4528.799805,4537.109863,4522.02002,4524.089844,3101830000,4524.089844,2021-09-01,"^GSPC",0.000311688632656626,0.000311688632656626
4534.47998,4545.850098,4524.660156,4536.950195,2897010000,4536.950195,2021-09-02,"^GSPC",0.00284263828603137,0.00284263828603137
4532.419922,4541.450195,4521.299805,4535.430176,2609660000,4535.430176,2021-09-03,"^GSPC",-0.000335031008644404,-0.000335031008644404
4535.379883,4535.379883,4513,4520.029785,3098870000,4520.029785,2021-09-07,"^GSPC",-0.00339557448850036,-0.00339557448850036
4518.089844,4521.790039,4493.950195,4514.069824,2808480000,4514.069824,2021-09-08,"^GSPC",-0.00131856675364794,-0.00131856675364794
4513.02002,4529.899902,4492.069824,4493.279785,3035300000,4493.279785,2021-09-09,"^GSPC",-0.00460560864377102,-0.00460560864377102
4506.919922,4520.470215,4457.660156,4458.580078,2851140000,4458.580078,2021-09-10,"^GSPC",-0.00772257875323912,-0.00772257875323912
4474.810059,4492.990234,4445.700195,4468.72998,3096390000,4468.72998,2021-09-13,"^GSPC",0.00227648754142207,0.00227648754142207
4479.330078,4485.680176,4435.459961,4443.049805,2568730000,4443.049805,2021-09-14,"^GSPC",-0.00574663833235245,-0.00574663833235245
4447.490234,4486.870117,4438.370117,4480.700195,3154760000,4480.700195,2021-09-15,"^GSPC",0.00847399683830474,0.00847399683830474
4477.089844,4485.870117,4443.799805,4473.75,3321030000,4473.75,2021-09-16,"^GSPC",-0.00155114037929971,-0.00155114037929971
4469.740234,4471.52002,4427.759766,4432.990234,5622210000,4432.990234,2021-09-17,"^GSPC",-0.00911087253422749,-0.00911087253422749
4402.950195,4402.950195,4305.910156,4357.72998,3773680000,4357.72998,2021-09-20,"^GSPC",-0.0169773110309992,-0.0169773110309992
4374.450195,4394.870117,4347.959961,4354.189941,3044300000,4354.189941,2021-09-21,"^GSPC",-0.000812358502304544,-0.000812358502304544
4367.430176,4416.75,4367.430176,4395.640137,3273670000,4395.640137,2021-09-22,"^GSPC",0.00951961135404233,0.00951961135404233
4406.75,4465.399902,4406.75,4448.97998,2833290000,4448.97998,2021-09-23,"^GSPC",0.0121347156130946,0.0121347156130946
4438.040039,4463.120117,4430.27002,4455.47998,2772090000,4455.47998,2021-09-24,"^GSPC",0.00146100904684232,0.00146100904684232
4442.120117,4457.299805,4436.189941,4443.109863,3032870000,4443.109863,2021-09-27,"^GSPC",-0.00277638257954882,-0.00277638257954882
4419.540039,4419.540039,4346.330078,4352.629883,3495970000,4352.629883,2021-09-28,"^GSPC",-0.0203641104518869,-0.0203641104518869
4362.410156,4385.569824,4355.080078,4359.459961,2753800000,4359.459961,2021-09-29,"^GSPC",0.00156918419061447,0.00156918419061447
4370.669922,4382.549805,4306.240234,4307.540039,3123770000,4307.540039,2021-09-30,"^GSPC",-0.0119097141536975,-0.0119097141536975
4317.160156,4375.189941,4288.52002,4357.040039,3148980000,4357.040039,2021-10-01,"^GSPC",0.0114914776303487,0.0114914776303487
4348.839844,4355.509766,4278.939941,4300.459961,3110560000,4300.459961,2021-10-04,"^GSPC",-0.0129858981082457,-0.0129858981082457
4309.870117,4369.22998,4309.870117,4345.720215,2967400000,4345.720215,2021-10-05,"^GSPC",0.0105245146822566,0.0105245146822566
4319.569824,4365.569824,4290.490234,4363.549805,3219590000,4363.549805,2021-10-06,"^GSPC",0.0041027928899926,0.0041027928899926
4383.72998,4429.970215,4383.72998,4399.759766,3096080000,4399.759766,2021-10-07,"^GSPC",0.00829828067013438,0.00829828067013438
4406.509766,4412.02002,4386.220215,4391.339844,2401890000,4391.339844,2021-10-08,"^GSPC",-0.0019137231230365,-0.0019137231230365
4385.439941,4415.879883,4360.589844,4361.189941,2.58e+09,4361.189941,2021-10-11,"^GSPC",-0.00686576399710781,-0.00686576399710781
4368.310059,4374.890137,4342.089844,4350.649902,2608150000,4350.649902,2021-10-12,"^GSPC",-0.00241678054443617,-0.00241678054443617
4358.009766,4372.870117,4329.919922,4363.799805,2926460000,4363.799805,2021-10-13,"^GSPC",0.00302251463487213,0.00302251463487213
4386.75,4439.72998,4386.75,4438.259766,2642920000,4438.259766,2021-10-14,"^GSPC",0.017063101958684,0.017063101958684
4447.689941,4475.819824,4447.689941,4471.370117,3000560000,4471.370117,2021-10-15,"^GSPC",0.00746021025034338,0.00746021025034338
4463.720215,4488.75,4447.470215,4486.459961,2683540000,4486.459961,2021-10-18,"^GSPC",0.00337476961315009,0.00337476961315009
4497.339844,4520.399902,4496.410156,4519.629883,2531210000,4519.629883,2021-10-19,"^GSPC",0.00739333957916499,0.00739333957916499
4524.419922,4540.870117,4524.399902,4536.189941,2671560000,4536.189941,2021-10-20,"^GSPC",0.00366402967249346,0.00366402967249346
4532.240234,4551.439941,4526.890137,4549.779785,3016950000,4549.779785,2021-10-21,"^GSPC",0.00299587190500317,0.00299587190500317
4546.120117,4559.669922,4524,4544.899902,3062810000,4544.899902,2021-10-22,"^GSPC",-0.00107255366866066,-0.00107255366866066
4553.689941,4572.620117,4537.359863,4566.47998,3250210000,4566.47998,2021-10-25,"^GSPC",0.00474819654234926,0.00474819654234926
4578.689941,4598.529785,4569.169922,4574.790039,2866500000,4574.790039,2021-10-26,"^GSPC",0.00181979534267018,0.00181979534267018
4580.220215,4584.569824,4551.660156,4551.680176,3259510000,4551.680176,2021-10-27,"^GSPC",-0.00505156800705375,-0.00505156800705375
4562.839844,4597.549805,4562.839844,4596.419922,3197560000,4596.419922,2021-10-28,"^GSPC",0.00982928155539198,0.00982928155539198
4572.870117,4608.080078,4567.589844,4605.379883,3632260000,4605.379883,2021-10-29,"^GSPC",0.00194933473269354,0.00194933473269354
4610.620117,4620.339844,4595.060059,4613.669922,2.924e+09,4613.669922,2021-11-01,"^GSPC",0.00180007712948971,0.00180007712948971
4613.339844,4635.149902,4613.339844,4630.649902,3309690000,4630.649902,2021-11-02,"^GSPC",0.00368036298371321,0.00368036298371321
4630.649902,4663.459961,4621.189941,4660.569824,3339440000,4660.569824,2021-11-03,"^GSPC",0.00646127922283157,0.00646127922283157
4662.930176,4683,4662.589844,4680.060059,3332940000,4680.060059,2021-11-04,"^GSPC",0.00418194249545056,0.00418194249545056
4699.259766,4718.5,4681.319824,4697.529785,3491150000,4697.529785,2021-11-05,"^GSPC",0.00373279953243433,0.00373279953243433
4701.47998,4714.919922,4694.390137,4701.700195,3465720000,4701.700195,2021-11-08,"^GSPC",0.000887787878071089,0.000887787878071089
4707.25,4708.529785,4670.870117,4685.25,3110230000,4685.25,2021-11-09,"^GSPC",-0.00349877582953806,-0.00349877582953806
4670.259766,4684.850098,4630.859863,4646.709961,3581630000,4646.709961,2021-11-10,"^GSPC",-0.00822582338189004,-0.00822582338189004
4659.390137,4664.549805,4648.310059,4649.27002,2623140000,4649.27002,2021-11-11,"^GSPC",0.000550940132155286,0.000550940132155286
4655.240234,4688.470215,4650.77002,4682.850098,2865790000,4682.850098,2021-11-12,"^GSPC",0.00722265599880134,0.00722265599880134
4689.299805,4697.419922,4672.859863,4682.799805,2618980000,4682.799805,2021-11-15,"^GSPC",-1.07398270172698e-05,-1.07398270172698e-05
4679.419922,4714.950195,4679.419922,4700.899902,2838210000,4700.899902,2021-11-16,"^GSPC",0.00386522972446413,0.00386522972446413
4701.5,4701.5,4684.410156,4688.669922,3221250000,4688.669922,2021-11-17,"^GSPC",-0.00260162527493868,-0.00260162527493868
4700.720215,4708.799805,4672.779785,4704.540039,3335620000,4704.540039,2021-11-18,"^GSPC",0.00338478017519117,0.00338478017519117
4708.439941,4717.75,4694.220215,4697.959961,3265600000,4697.959961,2021-11-19,"^GSPC",-0.00139866553275192,-0.00139866553275192
4712,4743.830078,4682.169922,4682.939941,3206280000,4682.939941,2021-11-22,"^GSPC",-0.0031971366560567,-0.0031971366560567
4678.47998,4699.390137,4652.660156,4690.700195,3428780000,4690.700195,2021-11-23,"^GSPC",0.00165713293310854,0.00165713293310854
4675.779785,4702.870117,4659.890137,4701.459961,2464040000,4701.459961,2021-11-24,"^GSPC",0.00229385071582033,0.00229385071582033
4664.629883,4664.629883,4585.430176,4594.620117,2676740000,4594.620117,2021-11-26,"^GSPC",-0.0227248226904552,-0.0227248226904552
4628.75,4672.950195,4625.259766,4655.27002,3471380000,4655.27002,2021-11-29,"^GSPC",0.0132001996804036,0.0132001996804036
4640.25,4646.02002,4560,4567,4950190000,4567,2021-11-30,"^GSPC",-0.0189613104332882,-0.0189613104332882
4602.819824,4652.939941,4510.27002,4513.040039,4078260000,4513.040039,2021-12-01,"^GSPC",-0.0118151874315743,-0.0118151874315743
4504.72998,4595.459961,4504.72998,4577.100098,3771510000,4577.100098,2021-12-02,"^GSPC",0.0141944362217965,0.0141944362217965
4589.490234,4608.029785,4495.120117,4538.430176,3971500000,4538.430176,2021-12-03,"^GSPC",-0.00844856375697289,-0.00844856375697289
4548.370117,4612.600098,4540.509766,4591.669922,3305690000,4591.669922,2021-12-06,"^GSPC",0.0117308725562291,0.0117308725562291
4631.970215,4694.040039,4631.970215,4686.75,3334320000,4686.75,2021-12-07,"^GSPC",0.0207070803466174,0.0207070803466174
4690.859863,4705.060059,4674.52002,4701.209961,3061550000,4701.209961,2021-12-08,"^GSPC",0.003085285325652,0.003085285325652
4691,4695.259766,4665.97998,4667.450195,2851660000,4667.450195,2021-12-09,"^GSPC",-0.00718108024956587,-0.00718108024956587
4687.640137,4713.569824,4670.240234,4712.02002,2858310000,4712.02002,2021-12-10,"^GSPC",0.00954907350650358,0.00954907350650358
4710.299805,4710.299805,4667.600098,4668.970215,3322050000,4668.970215,2021-12-13,"^GSPC",-0.00913616767697856,-0.00913616767697856
4642.990234,4660.470215,4606.52002,4634.089844,3292740000,4634.089844,2021-12-14,"^GSPC",-0.00747067755710673,-0.00747067755710673
4636.459961,4712.600098,4611.220215,4709.850098,3367580000,4709.850098,2021-12-15,"^GSPC",0.0163484646500953,0.0163484646500953
4719.129883,4731.990234,4651.890137,4668.669922,3592810000,4668.669922,2021-12-16,"^GSPC",-0.00874341542578749,-0.00874341542578749
4652.5,4666.700195,4600.220215,4620.640137,5609780000,4620.640137,2021-12-17,"^GSPC",-0.0102876806033493,-0.0102876806033493
4587.899902,4587.899902,4531.100098,4568.02002,3395780000,4568.02002,2021-12-20,"^GSPC",-0.0113880578101381,-0.0113880578101381
4594.959961,4651.140137,4583.160156,4649.22998,2564370000,4649.22998,2021-12-21,"^GSPC",0.0177779343445172,0.0177779343445172
4650.359863,4697.669922,4645.529785,4696.560059,2439570000,4696.560059,2021-12-22,"^GSPC",0.0101801974098086,0.0101801974098086
4703.959961,4740.740234,4703.959961,4725.790039,2194630000,4725.790039,2021-12-23,"^GSPC",0.00622369982131632,0.00622369982131632
4733.990234,4791.490234,4733.990234,4791.189941,2264120000,4791.189941,2021-12-27,"^GSPC",0.0138389351749191,0.0138389351749191
4795.490234,4807.02002,4780.040039,4786.350098,2217050000,4786.350098,2021-12-28,"^GSPC",-0.00101015469217436,-0.00101015469217436
4788.640137,4804.060059,4778.080078,4793.060059,2369370000,4793.060059,2021-12-29,"^GSPC",0.00140189515238442,0.00140189515238442
4794.22998,4808.930176,4775.330078,4778.72998,2390990000,4778.72998,2021-12-30,"^GSPC",-0.0029897557768116,-0.0029897557768116
4775.209961,4786.830078,4765.75,4766.180176,2446190000,4766.180176,2021-12-31,"^GSPC",-0.00262617977004853,-0.00262617977004853
4778.140137,4796.640137,4758.169922,4796.560059,2775190000,4796.560059,2022-01-03,"^GSPC",0.00637405257001777,0.00637405257001777
4804.509766,4818.620117,4774.27002,4793.540039,3641050000,4793.540039,2022-01-04,"^GSPC",-0.000629622054733492,-0.000629622054733492
4787.990234,4797.700195,4699.439941,4700.580078,3733540000,4700.580078,2022-01-05,"^GSPC",-0.0193927578039784,-0.0193927578039784
4693.390137,4725.009766,4671.259766,4696.049805,3371250000,4696.049805,2022-01-06,"^GSPC",-0.000963768923159747,-0.000963768923159747
4697.660156,4707.950195,4662.740234,4677.029785,3279870000,4677.029785,2022-01-07,"^GSPC",-0.00405021683964013,-0.00405021683964013
4655.339844,4673.02002,4582.240234,4670.290039,3621800000,4670.290039,2022-01-10,"^GSPC",-0.00144103123345818,-0.00144103123345818
4669.140137,4714.129883,4638.27002,4713.069824,3421600000,4713.069824,2022-01-11,"^GSPC",0.00915998463537826,0.00915998463537826
4728.589844,4748.830078,4706.709961,4726.350098,3060040000,4726.350098,2022-01-12,"^GSPC",0.00281775456250899,0.00281775456250899
4733.560059,4744.129883,4650.290039,4659.029785,3539830000,4659.029785,2022-01-13,"^GSPC",-0.0142436153911847,-0.0142436153911847
4637.990234,4665.129883,4614.75,4662.850098,3483530000,4662.850098,2022-01-14,"^GSPC",0.000819980377094742,0.000819980377094742
4632.240234,4632.240234,4568.700195,4577.109863,3324960000,4577.109863,2022-01-18,"^GSPC",-0.01838794582669,-0.01838794582669
4588.029785,4611.549805,4530.200195,4532.759766,3387370000,4532.759766,2022-01-19,"^GSPC",-0.00968954172555758,-0.00968954172555758
4547.350098,4602.109863,4477.950195,4482.72998,3473060000,4482.72998,2022-01-20,"^GSPC",-0.01103737867938,-0.01103737867938
4471.379883,4494.52002,4395.339844,4397.939941,3945810000,4397.939941,2022-01-21,"^GSPC",-0.0189148218559442,-0.0189148218559442
4356.319824,4417.350098,4222.620117,4410.129883,5172540000,4410.129883,2022-01-24,"^GSPC",0.00277173907864414,0.00277173907864414
4366.640137,4411.009766,4287.109863,4356.450195,3989420000,4356.450195,2022-01-25,"^GSPC",-0.0121719063665044,-0.0121719063665044
4408.430176,4453.22998,4304.799805,4349.930176,4046270000,4349.930176,2022-01-26,"^GSPC",-0.00149663572591363,-0.00149663572591363
4380.580078,4428.740234,4309.5,4326.509766,4074330000,4326.509766,2022-01-27,"^GSPC",-0.00538408872151963,-0.00538408872151963
4336.189941,4432.720215,4292.459961,4431.850098,3936030000,4431.850098,2022-01-28,"^GSPC",0.0243476468787427,0.0243476468787427
4431.790039,4516.890137,4414.02002,4515.549805,4001950000,4515.549805,2022-01-31,"^GSPC",0.0188859517242634,0.0188859517242634
4519.569824,4550.490234,4483.529785,4546.540039,3796450000,4546.540039,2022-02-01,"^GSPC",0.00686300347428026,0.00686300347428026
4566.390137,4595.310059,4544.319824,4589.379883,3777170000,4589.379883,2022-02-02,"^GSPC",0.00942251550245254,0.00942251550245254
4535.410156,4542.879883,4470.390137,4477.439941,3596830000,4477.439941,2022-02-03,"^GSPC",-0.0243910822058223,-0.0243910822058223
4482.790039,4539.660156,4451.5,4500.529785,3673700000,4500.529785,2022-02-04,"^GSPC",0.0051569299207268,0.0051569299207268
4505.75,4521.859863,4471.470215,4483.870117,3291600000,4483.870117,2022-02-07,"^GSPC",-0.00370171264181496,-0.00370171264181496
4480.02002,4531.319824,4465.399902,4521.540039,3509330000,4521.540039,2022-02-08,"^GSPC",0.00840120721989246,0.00840120721989246
4547,4590.029785,4547,4587.180176,3662810000,4587.180176,2022-02-09,"^GSPC",0.0145172079499083,0.0145172079499083
4553.240234,4588.919922,4484.310059,4504.080078,4490500000,4504.080078,2022-02-10,"^GSPC",-0.018115725742533,-0.018115725742533
4506.27002,4526.330078,4401.410156,4418.640137,4164960000,4418.640137,2022-02-11,"^GSPC",-0.0189694542548938,-0.0189694542548938
4412.609863,4426.220215,4364.839844,4401.669922,3466170000,4401.669922,2022-02-14,"^GSPC",-0.00384059676141046,-0.00384059676141046
4429.279785,4472.77002,4429.279785,4471.069824,3363200000,4471.069824,2022-02-15,"^GSPC",0.0157667210921775,0.0157667210921775
4455.75,4489.549805,4429.680176,4475.009766,3478750000,4475.009766,2022-02-16,"^GSPC",0.000881207888736357,0.000881207888736357
4456.060059,4456.060059,4373.810059,4380.259766,3596510000,4380.259766,2022-02-17,"^GSPC",-0.0211731381504208,-0.0211731381504208
4384.569824,4394.600098,4327.220215,4348.870117,3871340000,4348.870117,2022-02-18,"^GSPC",-0.00716616152394645,-0.00716616152394645
4332.740234,4362.120117,4267.109863,4304.759766,4007780000,4304.759766,2022-02-22,"^GSPC",-0.0101429451359263,-0.0101429451359263
4324.930176,4341.509766,4221.509766,4225.5,3814340000,4225.5,2022-02-23,"^GSPC",-0.0184121229309966,-0.0184121229309966
4155.77002,4294.72998,4114.649902,4288.700195,5070560000,4288.700195,2022-02-24,"^GSPC",0.0149568559933737,0.0149568559933737
4298.379883,4385.339844,4286.830078,4384.649902,3941780000,4384.649902,2022-02-25,"^GSPC",0.0223726776499469,0.0223726776499469
4354.169922,4388.839844,4315.120117,4373.939941,4594010000,4373.939941,2022-02-28,"^GSPC",-0.00244260345509351,-0.00244260345509351
4363.140137,4378.450195,4279.540039,4306.259766,4679400000,4306.259766,2022-03-01,"^GSPC",-0.0154735035032342,-0.0154735035032342
4322.560059,4401.47998,4322.560059,4386.540039,4409090000,4386.540039,2022-03-02,"^GSPC",0.0186426916541014,0.0186426916541014
4401.310059,4416.779785,4345.560059,4363.490234,4062080000,4363.490234,2022-03-03,"^GSPC",-0.00525466650140394,-0.00525466650140394
4342.120117,4342.120117,4284.97998,4328.870117,4558250000,4328.870117,2022-03-04,"^GSPC",-0.00793404250804597,-0.00793404250804597
4327.009766,4327.009766,4199.850098,4201.089844,5506330000,4201.089844,2022-03-07,"^GSPC",-0.0295181582136622,-0.0295181582136622
4202.660156,4276.939941,4157.870117,4170.700195,6.237e+09,4170.700195,2022-03-08,"^GSPC",-0.00723375365166312,-0.00723375365166312
4223.100098,4299.399902,4223.100098,4277.879883,4220180000,4277.879883,2022-03-09,"^GSPC",0.0256982480132451,0.0256982480132451
4252.549805,4268.279785,4209.799805,4259.52002,4008690000,4259.52002,2022-03-10,"^GSPC",-0.00429181358573449,-0.00429181358573449
4279.5,4291.009766,4200.490234,4204.310059,3877430000,4204.310059,2022-03-11,"^GSPC",-0.0129615451367217,-0.0129615451367217
4202.75,4247.569824,4161.720215,4173.109863,4757600000,4173.109863,2022-03-14,"^GSPC",-0.00742100262876944,-0.00742100262876944
4188.819824,4271.049805,4187.899902,4262.450195,4331170000,4262.450195,2022-03-15,"^GSPC",0.0214085741648256,0.0214085741648256
4288.140137,4358.899902,4251.990234,4357.859863,5002240000,4357.859863,2022-03-16,"^GSPC",0.0223837613661546,0.0223837613661546
4345.109863,4412.669922,4335.649902,4411.669922,4174170000,4411.669922,2022-03-17,"^GSPC",0.0123478176654714,0.0123478176654714
4407.339844,4465.399902,4390.569824,4463.120117,6681510000,4463.120117,2022-03-18,"^GSPC",0.0116622947567835,0.0116622947567835
4462.399902,4481.75,4424.299805,4461.180176,3961050000,4461.180176,2022-03-21,"^GSPC",-0.000434660271098508,-0.000434660271098508
4469.100098,4522,4469.100098,4511.609863,3962880000,4511.609863,2022-03-22,"^GSPC",0.0113041134880179,0.0113041134880179
4493.100098,4501.069824,4455.810059,4456.240234,4014360000,4456.240234,2022-03-23,"^GSPC",-0.0122726988107038,-0.0122726988107038
4469.97998,4520.580078,4465.169922,4520.160156,3573430000,4520.160156,2022-03-24,"^GSPC",0.0143439129498242,0.0143439129498242
4522.910156,4546.029785,4501.069824,4543.060059,3577520000,4543.060059,2022-03-25,"^GSPC",0.00506617071291227,0.00506617071291227
4541.089844,4575.649902,4517.689941,4575.52002,3696850000,4575.52002,2022-03-28,"^GSPC",0.00714495528970494,0.00714495528970494
4602.859863,4637.299805,4589.660156,4631.600098,4239660000,4631.600098,2022-03-29,"^GSPC",0.0122565473989555,0.0122565473989555
4624.200195,4627.77002,4581.319824,4602.450195,3665390000,4602.450195,2022-03-30,"^GSPC",-0.00629370031592036,-0.00629370031592036
4599.02002,4603.069824,4530.410156,4530.410156,3782040000,4530.410156,2022-03-31,"^GSPC",-0.0156525407006605,-0.0156525407006605
4540.319824,4548.700195,4507.569824,4545.859863,3828290000,4545.859863,2022-04-01,"^GSPC",0.00341022257764867,0.00341022257764867
4547.970215,4583.5,4539.209961,4582.640137,3833500000,4582.640137,2022-04-04,"^GSPC",0.00809093881211909,0.00809093881211909
4572.450195,4593.450195,4514.169922,4525.120117,3906230000,4525.120117,2022-04-05,"^GSPC",-0.0125517209033252,-0.0125517209033252
4494.169922,4503.939941,4450.040039,4481.149902,4137080000,4481.149902,2022-04-06,"^GSPC",-0.00971691664820407,-0.00971691664820407
4474.649902,4521.160156,4450.299805,4500.209961,4054010000,4500.209961,2022-04-07,"^GSPC",0.0042533857194762,0.0042533857194762
4494.149902,4520.410156,4474.600098,4488.279785,3453040000,4488.279785,2022-04-08,"^GSPC",-0.00265102653062632,-0.00265102653062632
4462.640137,4464.350098,4408.379883,4412.529785,3452540000,4412.529785,2022-04-11,"^GSPC",-0.0168772901041417,-0.0168772901041417
4437.589844,4471,4381.339844,4397.450195,3451990000,4397.450195,2022-04-12,"^GSPC",-0.00341744775327324,-0.00341744775327324
4394.299805,4453.919922,4392.700195,4446.589844,3273140000,4446.589844,2022-04-13,"^GSPC",0.0111745777259451,0.0111745777259451
4449.120117,4460.459961,4390.77002,4392.589844,3634740000,4392.589844,2022-04-14,"^GSPC",-0.0121441378437152,-0.0121441378437152
4385.629883,4410.310059,4370.299805,4391.689941,3509340000,4391.689941,2022-04-18,"^GSPC",-0.000204868433420824,-0.000204868433420824
4390.629883,4471.029785,4390.629883,4462.209961,3197930000,4462.209961,2022-04-19,"^GSPC",0.0160576044637482,0.0160576044637482
4472.259766,4488.290039,4448.759766,4459.450195,3678040000,4459.450195,2022-04-20,"^GSPC",-0.000618475155611198,-0.000618475155611198
4489.169922,4512.939941,4384.470215,4393.660156,3833570000,4393.660156,2022-04-21,"^GSPC",-0.0147529484853907,-0.0147529484853907
4385.830078,4385.830078,4267.620117,4271.779785,3930660000,4271.779785,2022-04-22,"^GSPC",-0.0277400542309946,-0.0277400542309946
4255.339844,4299.02002,4200.819824,4296.120117,4061070000,4296.120117,2022-04-25,"^GSPC",0.00569793697827525,0.00569793697827525
4278.140137,4278.140137,4175.040039,4175.200195,3760420000,4175.200195,2022-04-26,"^GSPC",-0.0281463084613284,-0.0281463084613284
4186.52002,4240.709961,4162.899902,4183.959961,3876340000,4183.959961,2022-04-27,"^GSPC",0.0020980469416747,0.0020980469416747
4222.580078,4308.450195,4188.629883,4287.5,3969440000,4287.5,2022-04-28,"^GSPC",0.0247469000576319,0.0247469000576319
4253.75,4269.680176,4124.279785,4131.930176,3943480000,4131.930176,2022-04-29,"^GSPC",-0.0362845070553937,-0.0362845070553937
4130.609863,4169.810059,4062.51001,4155.379883,4474060000,4155.379883,2022-05-02,"^GSPC",0.00567524280449017,0.00567524280449017
4159.779785,4200.100098,4147.080078,4175.47998,3877530000,4175.47998,2022-05-03,"^GSPC",0.00483712622334043,0.00483712622334043
4181.180176,4307.660156,4148.910156,4300.169922,4236210000,4300.169922,2022-05-04,"^GSPC",0.0298624212299541,0.0298624212299541
4270.430176,4270.430176,4106.009766,4146.870117,4197620000,4146.870117,2022-05-05,"^GSPC",-0.0356497086814421,-0.0356497086814421
4128.169922,4157.689941,4067.909912,4123.339844,4254300000,4123.339844,2022-05-06,"^GSPC",-0.00567422473723944,-0.00567422473723944
4081.27002,4081.27002,3975.47998,3991.23999,4746120000,3991.23999,2022-05-09,"^GSPC",-0.0320371007478859,-0.0320371007478859
4035.179932,4068.820068,3958.169922,4001.050049,4630150000,4001.050049,2022-05-10,"^GSPC",0.00245789755178305,0.00245789755178305
3990.080078,4049.090088,3928.820068,3935.179932,4683220000,3935.179932,2022-05-11,"^GSPC",-0.0164632074563684,-0.0164632074563684
3903.949951,3964.800049,3858.870117,3930.080078,4964130000,3930.080078,2022-05-12,"^GSPC",-0.00129596462884174,-0.00129596462884174
3963.899902,4038.879883,3963.899902,4023.889893,4142950000,4023.889893,2022-05-13,"^GSPC",0.0238696955629818,0.0238696955629818
4013.02002,4046.459961,3983.98999,4008.01001,3824320000,4008.01001,2022-05-16,"^GSPC",-0.00394640097573862,-0.00394640097573862
4052,4090.719971,4033.929932,4088.850098,3846580000,4088.850098,2022-05-17,"^GSPC",0.0201696322609732,0.0201696322609732
4051.97998,4051.97998,3911.909912,3923.679932,4428960000,3923.679932,2022-05-18,"^GSPC",-0.0403952607802351,-0.0403952607802351
3899,3945.959961,3876.580078,3900.790039,4212140000,3900.790039,2022-05-19,"^GSPC",-0.00583378190797856,-0.00583378190797856
3927.76001,3943.419922,3810.320068,3901.360107,4278520000,3901.360107,2022-05-20,"^GSPC",0.00014614167753213,0.00014614167753213
3919.419922,3981.879883,3909.040039,3973.75,3392770000,3973.75,2022-05-23,"^GSPC",0.0185550400410655,0.0185550400410655
3942.939941,3955.679932,3875.129883,3941.47998,3901640000,3941.47998,2022-05-24,"^GSPC",-0.00812079773513685,-0.00812079773513685
3929.590088,3999.330078,3925.030029,3978.72998,4322190000,3978.72998,2022-05-25,"^GSPC",0.00945076473533168,0.00945076473533168
3984.600098,4075.139893,3984.600098,4057.840088,3961940000,4057.840088,2022-05-26,"^GSPC",0.0198832563148705,0.0198832563148705
4077.429932,4158.490234,4077.429932,4158.240234,3560560000,4158.240234,2022-05-27,"^GSPC",0.0247422628350751,0.0247422628350751
4151.089844,4168.339844,4104.879883,4132.149902,5192220000,4132.149902,2022-05-31,"^GSPC",-0.00627436861070974,-0.00627436861070974
4149.779785,4166.540039,4073.850098,4101.22998,4145710000,4101.22998,2022-06-01,"^GSPC",-0.00748276871200493,-0.00748276871200493
4095.409912,4177.509766,4074.370117,4176.819824,3604930000,4176.819824,2022-06-02,"^GSPC",0.0184310181015501,0.0184310181015501
4137.569824,4142.669922,4098.669922,4108.540039,3107080000,4108.540039,2022-06-03,"^GSPC",-0.0163473139558629,-0.0163473139558629
4134.720215,4168.779785,4109.180176,4121.430176,3852050000,4121.430176,2022-06-06,"^GSPC",0.00313740084741565,0.00313740084741565
4096.470215,4164.859863,4080.189941,4160.680176,3476470000,4160.680176,2022-06-07,"^GSPC",0.00952339317272966,0.00952339317272966
4147.120117,4160.140137,4107.200195,4115.77002,3090180000,4115.77002,2022-06-08,"^GSPC",-0.0107939457252818,-0.0107939457252818
4101.649902,4119.100098,4017.169922,4017.820068,3192330000,4017.820068,2022-06-09,"^GSPC",-0.0237986941748509,-0.0237986941748509
3974.389893,3974.389893,3900.159912,3900.860107,3936120000,3900.860107,2022-06-10,"^GSPC",-0.0291103033536841,-0.0291103033536841
3838.149902,3838.149902,3734.300049,3749.629883,4572820000,3749.629883,2022-06-13,"^GSPC",-0.0387684305132144,-0.0387684305132144
3763.52002,3778.179932,3705.679932,3735.47998,4126400000,3735.47998,2022-06-14,"^GSPC",-0.00377367992082434,-0.00377367992082434
3764.050049,3837.560059,3722.300049,3789.98999,4474610000,3789.98999,2022-06-15,"^GSPC",0.0145925049235573,0.0145925049235573
3728.179932,3728.179932,3639.77002,3666.77002,4511200000,3666.77002,2022-06-16,"^GSPC",-0.0325119513046525,-0.0325119513046525
3665.899902,3707.709961,3636.870117,3674.840088,6954110000,3674.840088,2022-06-17,"^GSPC",0.0022008655999648,0.0022008655999648
3715.310059,3779.649902,3715.310059,3764.790039,4124600000,3764.790039,2022-06-21,"^GSPC",0.0244772422325878,0.0244772422325878
3733.889893,3801.790039,3717.689941,3759.889893,4342270000,3759.889893,2022-06-22,"^GSPC",-0.00130157218576299,-0.00130157218576299
3774.709961,3802.580078,3743.52002,3795.72998,4078100000,3795.72998,2022-06-23,"^GSPC",0.00953221717123309,0.00953221717123309
3821.75,3913.649902,3821.75,3911.73999,6742870000,3911.73999,2022-06-24,"^GSPC",0.0305632936513571,0.0305632936513571
3920.76001,3927.719971,3889.659912,3900.110107,3385120000,3900.110107,2022-06-27,"^GSPC",-0.00297307158188698,-0.00297307158188698
3913,3945.860107,3820.139893,3821.550049,3590980000,3821.550049,2022-06-28,"^GSPC",-0.0201430359258317,-0.0201430359258317
3825.090088,3836.5,3799.02002,3818.830078,3458850000,3818.830078,2022-06-29,"^GSPC",-0.000711745486811521,-0.000711745486811521
3785.98999,3818.98999,3738.669922,3785.379883,4032260000,3785.379883,2022-06-30,"^GSPC",-0.00875927818645406,-0.00875927818645406
3781,3829.820068,3752.100098,3825.330078,3268240000,3825.330078,2022-07-01,"^GSPC",0.01055381394597,0.01055381394597
3792.610107,3832.189941,3742.060059,3831.389893,4427900000,3831.389893,2022-07-05,"^GSPC",0.00158412865724999,0.00158412865724999
3831.97998,3870.909912,3809.370117,3845.080078,3613120000,3845.080078,2022-07-06,"^GSPC",0.00357316414730113,0.00357316414730113
3858.850098,3910.629883,3858.850098,3902.620117,3337710000,3902.620117,2022-07-07,"^GSPC",0.0149645879494738,0.0149645879494738
3888.26001,3918.5,3869.340088,3899.379883,2844620000,3899.379883,2022-07-08,"^GSPC",-0.00083027143376968,-0.00083027143376968
3880.939941,3880.939941,3847.219971,3854.429932,3023830000,3854.429932,2022-07-11,"^GSPC",-0.0115274613781455,-0.0115274613781455
3851.949951,3873.409912,3802.360107,3818.800049,3138460000,3818.800049,2022-07-12,"^GSPC",-0.00924387876510502,-0.00924387876510502
3779.669922,3829.439941,3759.070068,3801.780029,3166580000,3801.780029,2022-07-13,"^GSPC",-0.0044569026347574,-0.0044569026347574
3763.98999,3796.409912,3721.560059,3790.379883,3447500000,3790.379883,2022-07-14,"^GSPC",-0.002998633774979,-0.002998633774979
3818,3863.620117,3817.179932,3863.159912,3537130000,3863.159912,2022-07-15,"^GSPC",0.0192012492801634,0.0192012492801634
3883.790039,3902.439941,3818.629883,3830.850098,3414470000,3830.850098,2022-07-18,"^GSPC",-0.00836357146377431,-0.00836357146377431
3860.72998,3939.810059,3860.72998,3936.689941,3160350000,3936.689941,2022-07-19,"^GSPC",0.0276282914477015,0.0276282914477015
3935.320068,3974.129883,3922.030029,3959.899902,3452150000,3959.899902,2022-07-20,"^GSPC",0.00589580620974783,0.00589580620974783
3955.469971,3999.290039,3927.639893,3998.949951,3586030000,3998.949951,2022-07-21,"^GSPC",0.00986137275345711,0.00986137275345711
3998.429932,4012.439941,3938.860107,3961.629883,3246220000,3961.629883,2022-07-22,"^GSPC",-0.0093324668868805,-0.0093324668868805
3965.719971,3975.300049,3943.459961,3966.840088,2988650000,3966.840088,2022-07-25,"^GSPC",0.00131516702818657,0.00131516702818657
3953.219971,3953.219971,3910.73999,3921.050049,3083420000,3921.050049,2022-07-26,"^GSPC",-0.0115432026459847,-0.0115432026459847
3951.429932,4039.560059,3951.429932,4023.610107,3584170000,4023.610107,2022-07-27,"^GSPC",0.0261562736303649,0.0261562736303649
4026.129883,4078.949951,3992.969971,4072.429932,3882850000,4072.429932,2022-07-28,"^GSPC",0.0121333388926195,0.0121333388926195
4087.330078,4140.149902,4079.219971,4130.290039,3817740000,4130.290039,2022-07-29,"^GSPC",0.0142077599777353,0.0142077599777353
4112.379883,4144.950195,4096.02002,4118.629883,3540960000,4118.629883,2022-08-01,"^GSPC",-0.00282308406671217,-0.00282308406671217
4104.209961,4140.470215,4079.810059,4091.189941,3880790000,4091.189941,2022-08-02,"^GSPC",-0.00666239569456339,-0.00666239569456339
4107.959961,4167.660156,4107.959961,4155.169922,3544410000,4155.169922,2022-08-03,"^GSPC",0.015638477294545,0.015638477294545
4154.850098,4161.290039,4135.419922,4151.939941,3565810000,4151.939941,2022-08-04,"^GSPC",-0.000777340291885253,-0.000777340291885253
4115.870117,4151.580078,4107.310059,4145.189941,3540260000,4145.189941,2022-08-05,"^GSPC",-0.00162574605989463,-0.00162574605989463
4155.930176,4186.620117,4128.970215,4140.060059,3604650000,4140.060059,2022-08-08,"^GSPC",-0.00123755052796493,-0.00123755052796493
4133.109863,4137.299805,4112.089844,4122.470215,3337150000,4122.470215,2022-08-09,"^GSPC",-0.00424869295356278,-0.00424869295356278
4181.02002,4211.029785,4177.259766,4210.240234,3998590000,4210.240234,2022-08-10,"^GSPC",0.0212906375116162,0.0212906375116162
4227.399902,4257.910156,4201.410156,4207.27002,3925060000,4207.27002,2022-08-11,"^GSPC",-0.000705473758008779,-0.000705473758008779
4225.02002,4280.470215,4219.779785,4280.149902,3252290000,4280.149902,2022-08-12,"^GSPC",0.017322368579519,0.017322368579519
4269.370117,4301.790039,4256.899902,4297.140137,3087740000,4297.140137,2022-08-15,"^GSPC",0.0039695420461936,0.0039695420461936
4290.459961,4325.279785,4277.77002,4305.200195,3792010000,4305.200195,2022-08-16,"^GSPC",0.00187567957828505,0.00187567957828505
4280.399902,4302.180176,4253.080078,4274.040039,3293430000,4274.040039,2022-08-17,"^GSPC",-0.00723779489655063,-0.00723779489655063
4273.129883,4292.529785,4261.97998,4283.740234,2871990000,4283.740234,2022-08-18,"^GSPC",0.00226956109710863,0.00226956109710863
4266.310059,4266.310059,4218.700195,4228.47998,3210680000,4228.47998,2022-08-19,"^GSPC",-0.0129000011628623,-0.0129000011628623
4195.080078,4195.080078,4129.859863,4137.990234,3365220000,4137.990234,2022-08-22,"^GSPC",-0.0214000648999171,-0.0214000648999171
4133.089844,4159.77002,4124.029785,4128.72998,3117800000,4128.72998,2022-08-23,"^GSPC",-0.00223786270057202,-0.00223786270057202
4126.549805,4156.560059,4119.970215,4140.77002,3056910000,4140.77002,2022-08-24,"^GSPC",0.00291616067369938,0.00291616067369938
4153.259766,4200.540039,4147.589844,4199.120117,2976050000,4199.120117,2022-08-25,"^GSPC",0.0140916053579814,0.0140916053579814
4198.740234,4203.040039,4057.659912,4057.659912,3175260000,4057.659912,2022-08-26,"^GSPC",-0.033688058702418,-0.033688058702418
4034.580078,4062.98999,4017.419922,4030.610107,2963020000,4030.610107,2022-08-29,"^GSPC",-0.00666635587669728,-0.00666635587669728
4041.25,4044.97998,3965.209961,3986.159912,3190580000,3986.159912,2022-08-30,"^GSPC",-0.0110281554950707,-0.0110281554950707
4000.669922,4015.370117,3954.530029,3955,3797860000,3955,2022-08-31,"^GSPC",-0.00781702507874704,-0.00781702507874704
3936.72998,3970.22998,3903.649902,3966.850098,3754570000,3966.850098,2022-09-01,"^GSPC",0.00299623211125155,0.00299623211125155
3994.659912,4018.429932,3906.209961,3924.26001,4134920000,3924.26001,2022-09-02,"^GSPC",-0.0107365004847229,-0.0107365004847229
3930.889893,3942.550049,3886.75,3908.189941,4127340000,3908.189941,2022-09-06,"^GSPC",-0.00409505714683767,-0.00409505714683767
3909.429932,3987.889893,3906.030029,3979.870117,3890320000,3979.870117,2022-09-07,"^GSPC",0.0183410164506126,0.0183410164506126
3959.939941,4010.5,3944.810059,4006.179932,3966850000,4006.179932,2022-09-08,"^GSPC",0.00661072201517787,0.00661072201517787
4022.939941,4076.810059,4022.939941,4067.360107,3901940000,4067.360107,2022-09-09,"^GSPC",0.0152714496199517,0.0152714496199517
4083.669922,4119.279785,4083.669922,4110.410156,3814200000,4110.410156,2022-09-12,"^GSPC",0.0105842728127048,0.0105842728127048
4037.120117,4037.120117,3921.280029,3932.689941,4224550000,3932.689941,2022-09-13,"^GSPC",-0.0432366134412596,-0.0432366134412596
3940.72998,3961.939941,3912.179932,3946.01001,4293240000,3946.01001,2022-09-14,"^GSPC",0.0033870122485713,0.0033870122485713
3932.409912,3959.139893,3888.280029,3901.350098,4441830000,3901.350098,2022-09-15,"^GSPC",-0.0113177391559632,-0.0113177391559632
3880.949951,3880.949951,3837.080078,3873.330078,7954650000,3873.330078,2022-09-16,"^GSPC",-0.0071821342089663,-0.0071821342089663
3849.909912,3900.449951,3838.5,3899.889893,3766850000,3899.889893,2022-09-19,"^GSPC",0.00685710085769764,0.00685710085769764
3875.22998,3876.01001,3827.540039,3855.929932,4058050000,3855.929932,2022-09-20,"^GSPC",-0.0112721031121685,-0.0112721031121685
3871.399902,3907.070068,3789.48999,3789.929932,4078330000,3789.929932,2022-09-21,"^GSPC",-0.0171164935991892,-0.0171164935991892
3782.360107,3790.899902,3749.449951,3757.98999,4284600000,3757.98999,2022-09-22,"^GSPC",-0.00842758113555542,-0.00842758113555542
3727.139893,3727.139893,3647.469971,3693.22998,5144270000,3693.22998,2022-09-23,"^GSPC",-0.0172326190789028,-0.0172326190789028
3682.719971,3715.669922,3644.76001,3655.040039,4886140000,3655.040039,2022-09-26,"^GSPC",-0.0103405260995959,-0.0103405260995959
3686.439941,3717.530029,3623.290039,3647.290039,4577740000,3647.290039,2022-09-27,"^GSPC",-0.00212035980927872,-0.00212035980927872
3651.939941,3736.73999,3640.610107,3719.040039,4684850000,3719.040039,2022-09-28,"^GSPC",0.019672139926572,0.019672139926572
3687.01001,3687.01001,3610.399902,3640.469971,4681810000,3640.469971,2022-09-29,"^GSPC",-0.0211264377839627,-0.0211264377839627
3633.47998,3671.439941,3584.129883,3585.620117,5645360000,3585.620117,2022-09-30,"^GSPC",-0.0150666959038075,-0.0150666959038075
3609.780029,3698.350098,3604.929932,3678.429932,4806680000,3678.429932,2022-10-03,"^GSPC",0.0258838951064486,0.0258838951064486
3726.459961,3791.919922,3726.459961,3790.929932,5146580000,3790.929932,2022-10-04,"^GSPC",0.0305837006765635,0.0305837006765635
3753.25,3806.909912,3722.659912,3783.280029,4293180000,3783.280029,2022-10-05,"^GSPC",-0.00201794893000407,-0.00201794893000407
3771.969971,3797.929932,3739.219971,3744.52002,4252100000,3744.52002,2022-10-06,"^GSPC",-0.0102450806450732,-0.0102450806450732
3706.73999,3706.73999,3620.72998,3639.659912,4449660000,3639.659912,2022-10-07,"^GSPC",-0.0280036179376603,-0.0280036179376603
3647.51001,3652.169922,3588.100098,3612.389893,3834320000,3612.389893,2022-10-10,"^GSPC",-0.00749246348816557,-0.00749246348816557
3595.860107,3640.659912,3568.449951,3588.840088,4759030000,3588.840088,2022-10-11,"^GSPC",-0.00651917586350093,-0.00651917586350093
3590.830078,3608.340088,3573.860107,3577.030029,4006830000,3577.030029,2022-10-12,"^GSPC",-0.00329077326111271,-0.00329077326111271
3520.370117,3685.409912,3491.580078,3669.909912,5021680000,3669.909912,2022-10-13,"^GSPC",0.0259656425154378,0.0259656425154378
3690.409912,3712,3579.679932,3583.070068,4243030000,3583.070068,2022-10-14,"^GSPC",-0.0236626636844812,-0.0236626636844812
3638.649902,3689.72998,3638.649902,3677.949951,4352780000,3677.949951,2022-10-17,"^GSPC",0.0264800523571564,0.0264800523571564
3746.26001,3762.790039,3686.530029,3719.97998,4483740000,3719.97998,2022-10-18,"^GSPC",0.0114275695863051,0.0114275695863051
3703.110107,3728.580078,3666.51001,3695.159912,4223800000,3695.159912,2022-10-19,"^GSPC",-0.00667209719768436,-0.00667209719768436
3689.050049,3736,3656.439941,3665.780029,4496620000,3665.780029,2022-10-20,"^GSPC",-0.00795090975754231,-0.00795090975754231
3657.100098,3757.889893,3647.419922,3752.75,5078020000,3752.75,2022-10-21,"^GSPC",0.0237248199051716,0.0237248199051716
3762.01001,3810.73999,3741.649902,3797.340088,4747930000,3797.340088,2022-10-24,"^GSPC",0.0118819766837652,0.0118819766837652
3799.439941,3862.850098,3799.439941,3859.110107,4843120000,3859.110107,2022-10-25,"^GSPC",0.0162666544393009,0.0162666544393009
3825.969971,3886.149902,3824.070068,3830.600098,4817310000,3830.600098,2022-10-26,"^GSPC",-0.00738771587477793,-0.00738771587477793
3834.689941,3859.949951,3803.790039,3807.300049,4687320000,3807.300049,2022-10-27,"^GSPC",-0.00608261066253435,-0.00608261066253435
3808.26001,3905.419922,3808.26001,3901.060059,4459410000,3901.060059,2022-10-28,"^GSPC",0.0246263779563753,0.0246263779563753
3881.850098,3893.72998,3863.179932,3871.97998,4820620000,3871.97998,2022-10-31,"^GSPC",-0.00745440433117917,-0.00745440433117917
